bus_factor,commit_count,hotspot_count,lines_of_code,reliability_issues,security_issues,code_smells,duplication_percent,complexity,test_coverage,technical_debt_minutes,stability_score,becomes_critical_30d
2,25,2,4004.1,9.15,6,177.98,1.42,57.58,0.0,1292.07,57.5,0
5,23,2,13633.68,42.38,1,224.86,1.93,59.93,52.04,700.46,76.3,0
3,26,1,2574.6,24.22,3,325.86,3.25,42.65,0.0,1996.49,62.4,0
3,27,2,4027.58,58.32,2,395.67,4.72,28.95,0.0,1966.99,60.1,0
1,30,2,9906.74,8.18,1,239.51,0.89,42.66,12.99,1516.03,56.2,0
1,37,2,6289.84,100.21,3,91.14,1.72,47.93,19.26,363.6,52.7,1
1,20,1,12443.66,51.58,8,255.38,3.34,125.03,0.0,1070.88,51.1,0
4,27,0,3465.97,7.87,1,197.04,1.6,105.92,0.0,1169.32,69.7,0
3,23,3,13502.47,86.4,3,128.52,12.08,57.4,0.0,1015.25,55.6,1
3,25,4,1298.45,132.49,3,466.3,1.0,164.14,6.07,3671.35,56.6,0
1,22,6,1340.71,107.87,4,184.51,13.71,104.26,0.0,783.21,42.5,0
5,30,4,13673.73,17.51,0,300.18,1.89,36.52,0.0,1054.15,70.5,0
4,22,2,4943.75,47.52,1,340.12,6.82,32.46,0.0,2024.28,64.5,0
1,28,2,10266.62,69.45,4,255.44,12.63,94.47,35.34,1302.71,51.3,0
1,24,6,5321.85,14.31,5,172.6,1.66,93.6,9.63,1175.14,50.5,0
1,20,3,4887.16,66.48,4,84.67,3.92,53.72,0.0,477.54,50.0,0
2,20,3,1698.64,69.75,0,277.95,2.41,60.58,0.0,1543.45,55.9,0
2,28,2,4810.37,15.92,1,185.46,5.76,36.34,5.67,1155.84,58.0,0
2,26,0,14607.43,45.44,0,535.23,7.17,44.08,13.85,1944.0,59.2,1
2,38,2,5142.71,64.93,2,147.16,4.57,83.87,53.74,939.71,61.1,0
3,30,2,8481.67,130.62,3,54.68,0.42,32.02,17.51,297.58,60.6,0
1,36,2,8295.75,50.1,2,106.84,1.62,42.88,0.0,758.65,52.9,0
2,21,4,2186.01,17.28,4,394.1,0.74,28.87,0.0,1455.63,56.2,0
2,27,1,9756.65,14.95,2,346.0,3.24,89.01,0.0,1558.3,58.8,0
2,23,2,3823.87,35.99,1,464.2,9.62,62.97,0.0,3598.15,54.8,0
4,29,3,3992.92,65.49,2,198.89,11.11,51.47,0.0,1146.66,61.4,0
1,30,6,26321.89,74.83,1,322.09,3.48,102.19,0.0,2462.9,47.7,0
2,27,3,7925.52,18.52,2,248.6,1.52,31.73,0.0,1602.28,57.4,1
3,27,2,2948.93,68.49,4,153.86,12.57,88.29,0.0,1174.3,56.6,1
1,26,3,5175.19,5.71,4,223.98,11.29,34.25,31.72,1027.86,52.9,0
3,20,2,5060.88,32.3,5,177.87,2.24,53.73,0.0,614.14,61.2,0
1,27,3,18937.03,67.38,3,449.82,1.68,57.69,0.0,3153.81,50.4,1
1,21,2,5072.4,110.98,1,153.21,3.08,14.44,0.0,1075.87,50.4,1
5,26,1,28750.17,12.38,2,485.77,0.86,111.28,26.61,2960.33,75.2,0
5,28,3,1741.69,61.74,1,147.35,2.84,73.18,30.73,869.02,72.2,0
4,24,4,4789.2,39.38,2,177.95,0.53,34.79,0.0,1347.9,64.9,0
2,18,2,2669.68,9.54,4,230.14,2.7,52.49,0.0,893.51,57.8,0
1,28,2,3308.13,14.54,2,143.34,3.04,53.92,33.04,871.89,57.1,0
3,21,1,3366.08,59.48,4,228.99,10.05,20.48,0.0,743.96,58.8,0
2,17,1,2782.08,158.43,2,246.8,3.98,63.02,27.16,914.22,56.1,1
1,20,0,19616.72,51.1,4,436.92,2.88,83.77,0.0,2266.03,53.2,0
2,21,0,15337.38,251.47,4,54.03,2.63,75.4,0.0,383.97,50.7,0
1,16,2,6782.6,79.85,3,148.16,12.53,60.65,22.26,987.6,50.0,0
5,21,2,3362.76,26.14,2,520.02,1.36,118.58,0.0,4092.74,70.7,1
2,32,1,2845.27,91.54,6,175.71,0.26,208.8,0.0,566.54,55.8,0
3,25,4,8896.8,17.72,5,175.69,8.51,129.56,0.0,862.06,57.8,1
2,22,4,6248.65,55.28,4,142.42,3.26,43.54,27.39,540.35,56.9,0
2,26,4,4377.09,56.01,5,318.23,2.11,60.52,0.0,1013.49,54.1,0
2,24,2,7577.62,55.0,4,80.42,1.98,43.3,0.0,347.59,56.5,0
1,19,1,10025.19,16.27,0,270.46,4.42,74.54,0.0,1141.97,54.7,1
5,20,2,4344.94,2.36,1,562.05,7.9,73.78,39.61,2866.56,74.0,0
4,17,1,2617.93,40.31,3,67.31,6.15,51.89,0.0,249.06,65.7,0
5,29,1,1708.05,65.12,2,320.25,6.0,22.11,0.0,1743.08,69.2,0
4,27,2,6005.95,128.13,3,102.99,8.56,64.31,59.45,782.78,66.5,0
3,34,1,27827.97,65.81,7,279.65,1.38,34.75,31.76,1885.07,63.3,0
5,23,5,2021.25,17.43,5,266.48,0.19,73.49,6.21,1921.56,68.9,0
1,26,2,11843.98,42.12,4,332.57,7.2,125.6,0.0,2335.84,50.3,1
1,25,3,2862.8,44.2,5,162.47,2.65,12.04,13.4,803.91,52.2,0
1,17,2,3363.63,116.2,2,167.55,9.35,97.62,0.0,1096.61,47.8,0
2,29,4,10218.33,67.11,4,337.57,0.72,61.48,0.0,2285.8,54.1,0
2,21,1,4006.98,20.14,8,161.59,4.34,30.4,28.94,650.92,59.4,0
2,26,4,5994.56,32.01,2,359.51,2.15,121.92,0.0,2624.92,55.6,0
4,23,5,5903.35,85.34,1,43.46,4.05,30.57,24.71,229.87,64.2,0
2,26,2,2866.49,58.55,1,257.26,6.79,61.97,24.79,792.83,58.1,0
2,34,3,10057.54,50.14,1,346.93,6.4,63.52,23.42,2156.85,57.2,0
2,18,4,4678.51,41.95,1,199.09,3.14,84.86,0.0,1270.98,55.5,0
1,23,2,1618.4,83.95,1,446.84,1.14,24.01,17.75,2573.25,53.5,0
4,31,0,2406.7,36.95,5,165.87,3.43,41.16,0.0,673.79,66.8,0
1,30,4,500.0,30.93,1,251.68,9.52,35.35,0.0,1361.91,49.4,1
6,16,2,5123.5,94.19,2,379.6,3.78,36.47,0.0,1898.22,72.3,0
4,19,4,13950.26,2.3,3,110.44,0.41,30.45,0.0,869.51,66.2,0
1,23,3,2126.6,19.58,6,397.66,2.51,35.38,69.92,2832.67,58.0,0
1,27,3,7851.27,26.92,5,268.64,5.27,33.32,0.0,1829.32,50.4,0
4,34,4,6935.82,98.55,3,138.73,10.93,72.11,28.31,541.81,62.0,0
3,27,3,2693.23,56.27,1,218.22,12.06,94.1,47.74,1015.84,62.2,0
3,19,0,16801.57,18.32,4,131.5,6.32,34.22,0.0,644.18,62.5,0
4,23,2,3951.58,17.03,2,306.46,2.46,36.18,15.87,1674.25,68.4,0
1,23,2,24543.8,100.43,6,189.75,2.3,68.71,43.58,597.93,53.9,0
2,38,3,1328.04,17.09,3,176.17,3.11,73.13,9.0,1050.88,57.7,0
1,39,4,3962.74,29.89,4,311.78,4.32,29.71,0.0,1493.18,50.1,1
4,22,1,4358.13,36.05,5,196.5,2.46,8.51,0.0,1141.33,66.2,0
3,24,1,4757.65,72.18,2,224.6,0.42,43.4,0.0,683.9,62.2,0
2,27,3,8717.3,33.52,3,215.52,5.76,40.62,0.0,992.95,55.3,0
1,27,0,50000.0,14.52,4,52.59,2.11,89.26,0.0,359.9,55.3,0
2,19,3,7073.09,76.6,7,90.28,6.73,32.28,17.77,497.02,53.9,0
2,29,1,5011.01,75.45,3,149.36,5.97,15.31,0.0,1037.25,55.4,1
3,15,1,2044.77,137.73,2,155.88,9.67,45.72,46.82,1012.41,61.3,0
3,19,2,1083.46,60.18,5,48.89,11.8,48.46,23.3,355.64,59.4,0
4,22,1,12534.11,16.39,3,224.4,0.93,55.23,0.0,681.55,68.2,0
2,28,2,3173.44,133.45,6,205.48,1.18,60.87,0.0,884.92,53.0,0
1,30,1,39471.2,35.94,4,239.17,11.13,112.26,46.7,1373.82,55.0,1
3,22,4,9843.53,89.07,1,182.98,7.8,79.79,43.14,1409.89,60.9,0
4,25,0,6459.11,130.42,5,477.28,1.19,36.93,5.92,3054.07,64.1,0
3,24,2,6736.55,53.22,0,291.43,11.32,41.38,0.0,1539.6,58.8,0
4,23,5,6789.83,48.53,5,510.72,0.78,50.17,0.0,1864.5,62.5,1
2,30,0,2819.59,60.33,7,110.1,1.35,59.68,42.54,601.79,61.5,0
2,29,1,1210.51,68.59,5,179.93,3.67,43.66,0.0,936.64,55.8,1
2,24,3,3163.56,99.22,3,157.58,6.95,65.17,10.84,1086.06,53.5,0
1,29,2,4843.12,43.4,5,76.88,2.17,38.3,0.0,389.55,52.1,0
1,25,4,2927.04,51.31,2,199.44,5.6,40.1,16.36,916.26,51.4,0
1,37,3,1756.6,32.64,3,46.53,0.35,47.78,0.0,160.46,52.9,0
3,18,3,2701.15,32.5,2,304.62,15.42,35.01,58.93,984.68,62.7,0
2,24,4,11255.21,23.84,4,416.18,1.93,19.87,0.0,2162.32,55.4,0
2,17,1,8942.38,34.49,5,192.69,4.86,105.8,41.55,912.25,60.8,1
5,19,2,5637.12,21.34,2,237.85,5.59,33.44,0.0,1373.97,70.1,0
1,29,2,7861.07,91.52,3,418.36,4.36,72.16,0.0,2744.31,49.6,0
2,23,2,1987.14,78.45,2,123.68,0.81,97.82,0.0,395.77,56.6,0
4,24,3,2601.02,46.08,1,76.29,0.27,63.57,13.13,418.16,67.6,0
1,30,3,6303.2,59.18,3,45.56,2.22,44.62,36.74,333.03,54.9,0
1,28,5,2200.4,23.87,5,132.2,5.54,62.73,0.0,697.47,48.9,0
2,21,0,5360.0,48.36,5,146.32,3.22,90.98,0.0,820.28,57.6,0
1,24,1,1790.02,108.34,5,317.36,7.33,112.13,0.0,1724.53,48.5,0
5,27,2,1313.31,105.87,3,93.29,6.42,25.76,0.0,461.69,66.6,0
4,27,2,8856.11,139.54,4,74.1,0.71,119.49,0.0,263.1,62.5,0
3,15,1,11177.26,91.37,2,348.4,3.51,61.25,47.97,1265.32,65.1,0
4,19,2,2967.11,63.02,0,152.37,4.52,70.4,0.0,593.57,65.4,0
4,25,1,1456.26,88.11,3,238.91,1.31,57.43,39.81,1663.49,69.1,0
1,13,4,839.92,17.66,2,328.14,8.16,24.64,40.94,1436.14,54.1,0
4,28,1,21452.58,83.61,5,761.26,3.42,45.45,1.41,5892.65,63.0,0
2,16,1,5372.84,93.52,3,271.85,0.83,55.96,26.37,1916.8,58.9,0
4,23,3,3021.79,47.75,2,142.54,11.05,42.44,0.0,915.52,62.1,1
4,23,2,3673.39,51.84,2,344.67,4.44,91.63,13.14,2275.51,66.1,0
2,27,3,1063.51,40.39,1,118.96,4.49,33.58,0.0,385.2,56.3,0
1,19,2,8070.08,46.64,3,415.58,3.68,50.34,0.0,2427.81,51.6,1
1,27,1,24345.11,56.63,7,136.61,1.17,46.54,65.32,1052.63,58.5,0
2,21,5,2627.52,61.0,0,105.24,1.44,40.5,36.82,336.31,58.7,0
4,22,3,33082.7,24.21,6,222.44,5.3,67.48,0.0,990.99,63.6,0
4,27,4,4477.75,28.15,4,267.25,4.66,71.98,0.0,870.58,63.4,0
1,20,4,18646.29,78.5,0,108.32,3.6,5.32,27.03,633.52,59.9,0
2,27,4,6284.09,65.15,5,149.81,9.25,43.01,0.0,536.46,51.5,0
2,27,1,6278.62,26.0,0,284.45,0.58,29.58,4.71,1534.97,60.4,0
1,30,3,21485.65,45.04,2,242.77,4.41,44.6,0.0,1602.19,51.1,0
1,26,4,9192.68,152.75,1,275.46,9.46,87.78,0.0,1052.87,44.9,0
2,30,2,6633.44,5.13,3,419.99,6.53,35.48,0.0,2846.17,56.5,0
5,18,5,1039.95,2.33,4,257.9,0.38,55.28,34.57,851.34,72.8,0
2,34,3,1471.79,5.27,2,484.13,2.08,28.44,9.63,1814.57,58.7,0
2,23,4,7092.86,192.4,3,355.9,8.16,38.89,7.66,1566.14,48.2,0
3,24,2,15902.42,19.68,1,152.0,1.57,39.74,0.0,1061.01,63.1,0
2,35,1,5446.68,38.65,3,430.79,13.15,37.19,18.29,3123.49,55.7,0
6,18,3,3062.41,74.0,1,251.81,2.47,66.2,0.0,1032.89,73.1,0
5,32,1,1128.52,70.58,3,394.14,4.42,29.92,30.44,1371.17,72.3,0
2,22,2,2625.78,40.76,4,278.47,9.32,61.2,0.0,2016.08,54.1,0
2,33,1,5457.71,124.53,0,550.95,4.53,127.54,0.0,3441.72,54.5,0
2,29,2,2477.08,85.74,2,105.4,0.38,62.31,0.0,399.4,56.5,0
2,31,0,2272.06,29.29,2,190.7,3.36,31.72,32.44,1103.91,62.5,0
1,29,3,4717.84,20.59,2,307.9,4.94,71.12,0.0,2266.68,51.6,0
3,20,2,15657.88,55.93,2,236.26,0.45,69.08,6.27,790.89,62.5,0
2,13,5,8499.61,88.6,7,119.68,0.6,86.17,0.0,409.13,51.9,0
1,18,1,6177.68,155.1,3,520.34,10.75,47.97,0.0,2272.86,46.1,1
2,30,2,5714.65,62.89,6,207.48,3.73,70.58,0.0,1299.13,54.7,0
5,25,3,7638.38,37.29,3,372.94,1.07,42.28,0.0,1450.76,69.8,0
1,29,6,4500.28,117.23,4,294.24,2.17,40.44,25.01,2083.77,48.1,0
1,26,4,3537.36,106.65,3,337.44,4.21,80.65,15.77,2278.47,49.0,1
2,22,1,8871.11,85.13,3,100.71,5.06,17.72,1.22,584.6,55.6,1
6,27,2,4103.86,16.95,5,212.64,1.4,76.15,0.0,761.31,75.2,0
1,19,1,1899.07,38.86,1,342.24,5.41,174.2,21.12,2717.76,54.9,0
3,17,3,15593.98,42.99,4,371.51,5.36,52.29,0.0,2024.8,58.9,0
4,30,3,1101.09,85.15,3,353.23,3.81,86.75,36.89,1858.12,66.3,0
1,26,2,16558.56,7.66,0,137.29,3.29,62.46,0.0,1095.29,54.5,0
3,27,4,7369.94,36.47,3,68.79,3.07,136.13,47.34,503.48,64.4,0
2,23,3,2263.53,50.7,3,92.23,3.94,68.22,27.6,487.13,58.1,0
3,26,2,5011.06,41.81,3,219.09,2.79,32.73,0.0,1116.03,61.2,0
3,29,3,3487.39,144.39,1,232.13,4.43,27.24,0.0,807.69,56.7,0
2,29,4,9378.55,99.86,2,218.53,2.49,25.31,29.9,1667.95,56.1,0
1,37,3,9231.21,99.68,3,102.7,2.2,46.4,0.0,741.4,49.6,0
4,22,1,7108.81,34.3,2,155.23,6.7,29.43,0.0,706.29,65.9,0
2,22,1,8929.42,57.04,3,517.61,6.69,36.55,13.27,3502.47,56.6,1
1,24,2,4483.39,23.76,1,268.89,4.47,95.27,48.24,1832.12,57.9,1
1,32,2,20117.39,24.39,6,210.19,14.81,104.28,52.39,870.1,53.4,0
3,23,1,13080.6,100.49,0,511.12,3.26,35.48,0.0,3101.6,60.3,1
3,28,5,3355.63,89.22,2,576.53,2.74,63.05,0.0,2464.77,56.8,0
1,27,3,9402.11,22.25,1,165.34,0.34,41.77,0.0,1148.99,53.7,0
2,30,5,8768.02,54.3,1,270.04,2.58,25.14,35.06,1017.79,57.9,0
1,26,5,3992.57,11.94,4,78.96,4.8,78.44,26.36,500.98,52.6,1
3,27,2,3749.56,73.17,2,64.45,12.0,51.92,14.62,298.42,59.0,0
1,26,4,12985.73,21.76,2,189.98,4.52,42.44,71.02,604.3,58.4,0
3,26,4,4857.33,54.42,2,98.48,2.12,71.48,15.41,356.36,61.2,0
2,28,3,6051.96,151.92,6,155.38,4.3,32.21,10.47,974.9,51.4,1
5,21,4,15076.36,19.3,1,254.9,12.92,20.03,0.0,1070.49,66.4,0
1,25,1,37297.11,64.68,6,453.95,7.53,76.44,52.79,2794.15,54.7,0
2,15,2,3225.04,48.6,3,274.31,7.98,94.01,50.13,1391.9,59.8,0
1,30,3,4118.65,17.76,2,166.43,3.82,16.41,0.0,1075.72,52.4,0
5,30,1,5214.52,27.47,5,594.8,9.75,89.32,0.0,3250.42,67.9,0
4,24,0,5310.22,68.69,6,228.72,0.75,116.16,0.0,1039.0,66.1,0
2,22,4,6641.44,42.49,1,374.12,10.82,48.54,38.26,1395.11,56.7,0
3,17,4,3320.46,127.12,2,392.34,1.98,75.1,13.29,1846.15,58.0,0
4,26,4,1784.77,71.05,7,209.18,4.83,53.47,0.0,1291.56,60.7,0
3,27,1,19991.45,20.67,8,32.89,2.7,77.1,32.34,220.43,64.7,0
2,27,3,8019.78,91.68,3,65.8,6.72,50.15,0.0,250.15,53.0,0
1,18,4,3516.32,99.46,4,143.65,5.96,69.92,62.73,908.06,53.4,0
1,31,3,6972.23,61.45,5,148.06,7.27,20.59,22.36,576.88,51.0,0
4,26,0,21297.83,75.29,2,213.61,0.74,35.32,6.34,877.74,67.9,0
5,20,1,2616.47,60.84,0,186.5,1.52,62.62,0.0,1054.94,71.6,0
3,22,6,5819.17,114.65,4,192.75,3.9,35.9,36.97,856.95,58.0,1
2,21,2,1616.64,105.55,1,221.69,2.39,54.68,0.0,1398.44,55.2,0
2,22,4,4470.82,11.9,4,246.52,6.34,119.76,0.0,1917.68,54.4,0
3,21,4,8048.78,10.59,5,67.29,0.92,21.14,0.0,251.98,60.8,0
4,20,3,2014.69,43.1,3,244.07,0.61,45.8,17.59,1428.44,67.1,0
4,24,1,4231.19,87.8,2,321.54,3.76,42.24,34.63,2449.0,67.9,1
4,18,2,9320.22,111.83,2,599.46,12.72,81.59,41.38,2327.48,63.9,1
3,28,3,7874.3,37.78,1,238.94,1.33,83.74,8.28,1155.11,62.4,0
1,24,5,1946.71,42.21,6,361.02,0.52,89.57,0.0,1306.22,49.4,0
1,29,0,6627.74,39.57,4,305.18,4.48,42.46,0.0,1895.21,53.2,0
4,27,0,7684.61,47.01,2,132.86,9.56,24.58,0.0,843.11,65.4,0
3,29,3,5358.23,56.38,3,248.01,9.79,43.46,0.0,1567.65,57.3,0
1,37,4,11748.39,34.51,4,486.4,2.01,50.56,47.83,2777.67,55.2,0
1,15,3,3066.96,39.47,5,472.34,7.13,71.76,45.5,3179.45,53.5,0
3,21,3,6836.2,66.37,1,471.97,1.08,70.29,0.0,1500.59,60.5,1
1,33,4,1934.96,15.84,0,857.61,9.55,67.45,23.73,6678.71,51.3,0
1,21,4,1365.81,161.7,5,319.12,2.18,86.93,0.0,1311.73,45.6,1
2,24,5,9180.74,86.16,1,168.79,4.15,64.67,0.0,608.98,52.8,0
3,15,2,4996.29,123.39,4,323.4,4.9,35.34,0.0,2492.01,56.8,0
3,11,2,3392.31,23.07,4,120.61,4.5,61.28,47.81,862.66,65.9,0
1,33,4,2096.19,30.54,5,292.55,1.53,76.56,37.08,1996.49,54.3,0
3,25,1,9525.06,3.61,2,116.07,15.95,89.31,0.0,408.99,59.7,0
1,23,3,1470.84,51.89,3,142.73,1.37,60.65,0.0,1004.52,51.6,0
2,38,1,10875.87,53.08,3,62.06,10.36,58.23,0.0,375.15,55.0,1
3,35,4,7050.11,61.56,4,280.24,6.36,53.9,0.0,1866.24,57.0,0
3,24,4,1531.14,9.77,4,458.3,2.61,70.71,5.97,3616.13,60.3,0
4,21,3,5435.84,48.8,2,239.68,0.8,104.9,0.0,952.07,65.5,0
3,20,5,41067.81,64.09,1,221.7,2.4,83.37,36.89,1224.18,62.1,0
3,27,2,12727.68,71.44,3,149.82,1.0,88.35,0.0,1013.82,60.7,0
1,18,3,2534.06,31.69,6,381.59,2.38,24.35,0.0,1972.17,50.8,1
2,21,1,8719.91,177.65,4,417.84,0.57,61.7,0.0,1367.7,53.0,0
2,31,2,1583.3,41.89,2,81.91,0.75,73.53,0.0,291.36,58.0,0
1,25,4,1640.82,55.97,5,252.52,2.62,107.65,29.94,1517.76,52.4,1
6,31,3,4657.13,38.14,0,373.71,10.4,49.76,0.0,1653.67,72.0,0
2,16,2,7641.29,32.08,3,167.8,2.17,16.93,0.0,619.05,57.5,1
4,26,2,9405.63,80.06,5,72.84,2.42,46.51,17.19,342.3,65.6,0
3,24,5,9510.45,10.26,6,112.12,0.73,39.84,49.81,449.04,64.5,0
4,31,3,7301.24,83.5,2,500.38,4.93,29.55,26.13,1561.02,65.3,0
2,24,6,1351.28,54.99,4,409.47,3.09,41.01,0.0,1539.23,52.2,1
3,27,1,4680.94,43.69,5,439.25,4.86,49.76,0.0,3257.21,60.2,0
2,15,1,10667.38,16.86,1,92.3,4.89,61.81,5.32,282.45,59.4,0
1,30,2,7006.77,51.66,4,371.66,2.21,62.84,22.51,2553.0,53.8,0
3,20,1,5685.56,79.45,4,518.64,8.61,47.41,0.0,3509.77,57.8,0
2,19,1,6395.7,56.71,7,143.56,2.43,58.07,0.0,835.68,56.0,0
1,29,4,6310.79,47.63,3,197.27,8.61,73.96,0.0,797.43,48.5,0
3,21,3,1020.53,41.34,4,258.92,1.32,40.12,0.0,1913.48,60.3,0
1,24,4,12380.93,35.07,3,284.43,5.39,19.75,40.11,1528.92,53.9,0
5,26,3,4498.83,18.1,3,173.58,0.43,48.04,0.0,671.07,70.9,0
5,17,2,8656.53,78.37,1,396.2,2.59,57.6,0.0,2038.47,69.2,0
5,30,0,777.03,59.62,0,311.89,5.07,11.6,0.0,1239.64,71.4,0
2,20,5,18560.55,81.9,10,125.4,2.89,14.56,0.0,611.96,52.5,0
1,22,2,1948.61,34.56,5,381.46,11.66,74.57,0.0,2091.72,48.8,0
5,26,2,37536.64,43.81,1,206.09,5.01,37.2,0.0,989.13,70.0,0
2,30,3,26779.51,17.12,3,319.68,4.55,64.12,17.88,2009.29,57.8,0
5,33,1,1702.86,10.91,1,132.66,3.42,81.01,0.0,1018.76,72.6,1
5,19,2,9448.67,53.7,1,137.72,4.38,63.48,25.24,652.9,72.4,0
4,30,1,2178.15,5.13,1,68.59,2.49,30.74,14.38,327.78,70.3,0
2,19,2,2946.8,64.45,2,425.63,2.35,96.62,0.0,2848.13,56.0,0
2,20,4,3000.5,30.76,0,360.61,6.23,36.44,0.0,2038.52,55.1,0
4,27,2,7032.83,198.33,3,259.8,4.7,27.7,0.0,1336.48,59.1,0
2,24,1,6372.26,50.98,2,89.69,1.04,22.56,24.34,634.03,60.9,0
1,30,2,1879.44,75.73,9,465.99,5.3,45.34,35.28,3474.06,51.3,0
3,39,6,6988.08,28.53,2,316.14,2.63,70.94,0.0,1881.94,58.3,1
5,27,4,4174.34,109.26,5,173.47,5.08,4.63,6.14,680.95,65.0,0
3,32,3,1145.46,115.2,3,274.48,3.32,20.96,21.24,1463.39,59.4,0
3,19,3,3473.0,97.45,2,202.74,0.83,27.16,0.0,1119.52,59.2,0
1,26,1,18552.16,174.32,3,316.28,4.67,57.06,17.66,1632.34,49.4,0
3,20,2,3568.05,19.27,3,117.86,9.56,76.14,0.0,508.23,60.0,0
6,30,1,1131.81,79.8,3,48.04,11.36,81.94,7.13,257.55,72.0,0
1,28,1,9429.26,26.1,2,299.48,1.48,65.02,0.0,1567.12,54.6,0
2,25,3,2340.2,20.08,5,327.27,2.64,33.85,8.92,1324.61,57.0,0
4,24,3,5834.5,48.84,3,68.46,1.75,41.92,0.0,514.65,65.0,0
3,25,3,4283.01,59.95,2,33.37,2.18,75.74,15.8,247.83,62.0,0
3,22,1,20117.32,46.2,3,261.52,3.47,28.92,0.0,1777.85,61.6,0
3,28,3,4285.42,15.13,4,305.61,3.21,60.68,48.24,1529.5,65.6,0
2,17,2,1967.13,52.66,4,197.71,8.89,31.17,0.0,959.22,54.1,0
2,19,3,3377.6,49.4,2,123.27,2.4,70.22,0.0,811.42,56.2,1
4,24,3,1839.0,20.82,4,601.57,8.8,49.29,0.0,3633.83,62.5,0
4,27,2,4157.16,130.15,5,289.78,4.92,47.81,0.0,1739.54,60.8,0
4,23,3,20248.43,163.94,3,422.47,8.7,28.94,57.08,1529.59,63.8,0
5,27,4,13343.36,55.25,2,104.48,3.55,24.61,56.95,636.42,73.6,0
2,28,3,25158.53,2.52,2,458.37,2.5,75.23,18.76,3442.06,59.1,0
2,28,1,7211.27,49.85,2,283.47,0.15,28.5,39.77,972.05,62.6,0
4,21,5,5510.88,105.38,2,567.93,1.83,111.11,0.0,2666.92,60.8,0
3,21,2,2211.37,50.74,4,319.68,1.46,33.37,0.0,1772.63,60.8,0
3,28,1,6098.11,45.89,2,237.34,2.5,45.54,47.06,1526.13,67.0,0
4,22,0,4428.03,80.82,3,213.19,4.57,126.47,20.24,735.13,67.5,0
4,30,1,9162.75,199.93,2,146.8,7.32,33.27,53.45,1081.01,64.8,0
2,28,4,2002.59,64.14,4,214.55,7.35,106.36,0.0,687.14,52.4,1
2,18,2,5126.33,55.68,6,322.91,4.11,41.96,0.0,2353.54,54.6,1
1,24,2,1395.77,121.37,5,355.46,1.11,129.88,0.0,1115.53,49.3,0
3,26,4,6438.75,70.02,4,132.28,5.27,89.17,0.0,498.39,57.4,0
1,43,0,8438.85,151.01,3,82.34,3.57,51.94,21.62,576.49,52.2,0
2,24,1,1343.18,20.44,5,269.7,3.27,58.23,0.0,1969.05,57.5,0
2,22,2,1682.77,20.7,0,65.49,8.78,66.36,16.24,518.11,58.4,0
2,22,2,1742.74,24.56,4,217.31,0.95,65.27,56.76,777.67,63.5,0
3,28,2,4263.73,93.02,2,90.81,3.66,97.6,48.16,511.48,64.3,1
1,30,3,1606.82,64.4,3,347.21,1.08,162.49,10.82,1175.58,52.3,0
1,32,1,14806.07,40.86,4,172.93,1.94,55.85,0.0,654.02,53.4,1
4,28,1,6966.88,64.74,6,186.79,1.14,83.49,32.65,723.34,68.6,0
2,17,4,7936.53,102.72,4,78.54,3.9,77.84,0.0,260.53,52.2,0
1,22,1,1378.51,39.16,2,399.35,9.75,53.01,28.61,2981.09,53.8,0
2,22,2,13829.27,85.38,3,252.81,5.79,40.53,0.0,918.17,54.2,0
4,29,1,8264.19,35.4,1,258.23,0.91,68.15,0.0,1587.25,67.9,0
1,27,3,2847.29,11.54,5,93.79,2.94,22.93,0.0,574.84,52.1,1
3,32,2,1431.65,50.78,4,60.75,2.55,50.02,0.0,242.61,60.9,0
1,16,3,4624.38,10.03,2,131.67,0.16,56.28,3.02,1052.28,54.2,0
1,30,2,3384.14,38.67,4,170.24,11.36,86.15,32.23,806.42,52.7,1
2,31,0,3498.39,56.1,2,129.12,10.7,80.47,0.0,971.67,55.8,0
2,26,4,2795.19,24.74,3,569.41,1.78,68.04,0.0,4408.01,55.2,1
3,32,3,8752.97,76.17,2,405.34,6.46,108.2,30.37,3139.37,60.7,0
3,25,0,613.72,41.67,0,220.63,4.25,62.95,0.0,1492.38,63.4,0
6,22,1,15428.04,77.85,1,138.39,3.63,101.65,34.53,590.79,77.9,0
2,29,4,10921.55,49.45,3,106.11,16.48,57.41,0.0,382.33,50.4,0
2,32,2,5817.05,42.77,3,214.73,5.25,19.69,5.42,1256.07,56.5,0
4,27,3,4379.68,24.91,7,263.06,1.62,58.13,53.54,1262.75,69.7,0
2,26,1,11689.43,51.36,3,164.6,2.47,80.97,0.0,1177.72,57.5,0
2,21,3,4751.39,56.43,2,285.45,3.05,92.09,0.0,1919.66,55.4,0
1,17,3,3933.39,65.46,3,156.63,5.79,24.07,28.51,686.39,52.6,0
1,25,7,12221.77,60.94,5,105.24,1.59,24.9,27.95,324.67,49.9,0
5,36,4,26231.51,14.94,4,285.86,6.28,58.15,37.89,1196.79,71.5,0
4,29,2,2260.17,99.7,4,59.02,4.59,46.05,28.47,344.4,65.6,0
3,27,1,6903.88,67.17,0,82.04,0.23,105.99,0.0,278.53,63.2,0
2,21,1,2060.88,52.39,4,118.04,0.94,33.81,0.0,742.61,57.7,0
1,25,4,7341.6,64.97,9,148.84,1.38,126.02,0.0,946.41,48.3,0
1,19,1,2637.15,73.98,1,323.51,2.86,56.31,21.95,1244.53,54.9,0
2,25,4,12955.02,168.73,2,78.77,1.95,22.76,0.0,471.18,51.0,0
2,27,2,4536.47,31.69,2,187.31,1.33,43.64,44.4,1130.38,62.5,0
3,20,3,5100.95,32.43,3,264.97,7.43,23.04,11.97,1428.14,60.2,0
3,20,3,18122.18,19.33,4,252.02,8.29,24.28,34.4,1957.21,62.2,0
2,18,2,2734.21,7.11,6,323.59,3.95,92.26,0.0,1145.77,56.7,1
5,30,4,8500.44,68.41,8,190.75,3.57,52.3,0.0,960.08,65.3,0
3,25,5,2960.87,173.26,2,145.72,3.58,82.71,18.75,1080.48,55.5,0
3,34,5,12797.92,40.18,6,440.27,11.27,124.6,0.0,2171.21,54.5,0
3,17,1,20525.11,114.59,4,142.1,1.62,24.95,18.3,728.01,61.4,0
2,18,3,3982.54,40.7,8,129.58,12.92,92.66,23.88,821.74,53.4,1
1,25,3,849.57,110.93,0,123.5,2.76,50.18,0.0,781.48,50.0,1
2,25,3,2834.13,64.58,1,120.52,2.02,37.48,0.0,375.36,56.2,1
4,21,3,34410.23,51.7,6,498.31,2.46,35.11,0.0,2630.34,63.1,0
1,24,4,3060.42,32.02,2,544.74,0.95,14.88,32.05,2542.6,54.8,1
1,33,3,20268.37,53.67,3,346.32,0.52,42.67,0.0,2125.87,51.6,0
1,27,0,3025.92,91.73,1,292.42,3.01,87.42,15.67,1689.76,54.4,0
1,30,2,2966.69,28.64,3,129.75,4.13,93.58,38.9,811.5,56.4,0
4,27,1,9166.86,47.6,1,163.01,8.45,32.37,0.0,1021.85,65.1,0
3,21,0,8328.78,58.84,2,71.07,2.09,91.82,7.49,303.8,63.9,0
2,26,3,9718.04,89.62,4,188.24,3.23,61.18,25.56,796.7,56.3,0
1,18,2,4934.11,54.84,6,88.26,3.31,43.23,59.06,428.18,56.8,0
2,24,2,11242.85,41.01,2,241.51,7.0,120.08,0.0,1016.7,55.8,0
2,18,4,10606.26,61.71,2,136.31,2.54,67.46,0.0,874.33,54.8,0
1,29,4,12323.0,109.14,2,253.59,4.37,78.08,0.0,1525.18,47.8,1
2,16,1,2984.4,69.79,4,121.86,2.89,47.43,0.0,497.42,56.5,1
2,35,6,11236.28,48.55,3,62.21,3.94,112.26,0.0,461.61,52.8,0
3,28,0,3238.71,52.93,6,109.03,7.67,54.8,34.48,578.25,63.6,0
3,26,2,4334.32,20.39,3,266.57,2.61,43.31,0.0,969.04,62.1,0
1,27,3,4263.72,84.51,2,276.7,0.71,35.11,21.86,1124.75,53.1,0
2,28,5,2211.7,15.37,2,260.69,5.29,127.85,28.31,1485.77,57.4,0
3,33,1,1226.09,35.92,5,239.65,2.83,34.85,0.0,1124.45,61.7,0
2,25,6,13081.83,44.22,3,220.7,2.94,78.98,0.0,1601.41,53.0,0
4,22,2,2802.31,35.86,7,312.49,4.4,24.09,12.19,1710.5,65.0,0
3,26,3,3960.83,21.3,2,34.14,6.81,18.08,31.22,258.63,63.4,0
1,18,1,2739.21,29.18,4,485.37,1.51,27.8,0.0,1703.21,53.7,1
1,23,4,4002.51,14.47,2,185.06,3.45,27.83,15.47,1173.83,53.3,1
3,27,4,3278.95,138.68,2,313.82,5.5,44.02,0.0,2331.34,54.9,0
1,28,2,13674.21,32.73,2,209.68,6.31,103.17,24.95,936.15,54.5,0
3,28,3,3064.37,30.15,4,134.59,1.65,87.32,0.0,495.07,61.0,1
5,22,1,19373.15,172.71,3,176.4,4.11,149.09,0.0,931.94,65.6,0
3,24,3,12227.19,10.93,6,104.93,1.48,73.91,0.0,819.18,61.0,0
2,33,4,3362.51,75.45,4,116.97,2.35,49.8,16.15,721.41,55.3,0
3,22,2,6347.71,52.07,2,284.21,4.23,67.73,9.63,1767.78,61.5,0
2,23,2,7446.33,21.61,2,242.53,1.53,38.96,0.0,1541.89,58.2,1
2,28,5,9636.24,54.96,4,57.1,6.47,42.91,0.0,182.67,52.3,1
5,23,5,10429.29,153.67,5,120.06,5.64,56.6,0.0,627.69,61.6,0
2,24,1,5706.19,75.01,1,184.51,3.83,68.89,0.0,625.1,56.9,0
5,32,1,2290.35,68.21,1,210.38,0.56,57.49,0.0,963.41,71.4,0
5,19,1,8206.74,16.77,4,590.61,4.27,85.01,0.0,4198.09,70.3,0
1,27,4,4067.54,25.06,3,238.59,0.75,40.01,0.0,1498.66,51.8,0
1,23,4,527.76,11.9,3,50.63,6.48,45.58,0.0,403.93,50.7,0
1,24,3,6715.83,53.4,2,217.07,4.0,59.17,28.54,838.07,53.9,1
1,28,0,2731.79,51.72,4,89.87,4.15,57.62,58.73,448.01,59.1,0
1,23,2,3405.99,25.2,4,189.97,0.45,33.04,12.57,1338.94,54.7,0
3,28,3,4938.5,92.03,4,621.06,4.3,58.81,27.93,2532.95,60.0,0
1,25,1,1418.11,15.65,2,156.71,5.94,91.91,0.0,590.57,53.7,0
2,23,9,5493.02,27.02,5,355.27,1.42,58.19,0.0,1825.41,50.7,0
4,19,1,3814.76,54.73,6,215.62,7.85,23.67,33.42,1060.54,66.7,1
1,29,3,2436.27,17.73,1,472.68,1.65,40.47,22.15,3734.64,55.0,0
4,22,3,5099.99,39.44,4,295.45,4.48,100.33,0.0,1560.35,63.8,0
2,22,3,1271.36,28.77,4,381.56,8.85,83.07,0.0,2787.21,53.6,1
1,26,3,5221.3,60.84,4,264.68,3.16,89.17,7.02,1969.19,50.8,0
3,38,1,7161.53,14.28,6,155.36,0.57,28.37,16.55,588.71,64.7,0
3,23,2,6274.19,5.64,3,442.01,6.67,49.96,70.51,2906.91,67.9,0
4,26,0,9238.25,17.02,3,247.65,4.88,66.37,14.54,1086.7,69.1,0
3,26,1,12484.98,93.02,5,161.84,11.08,45.75,0.0,562.19,56.9,0
4,24,1,4605.11,88.39,2,134.62,2.4,43.69,0.0,992.59,65.3,0
2,21,4,11805.96,22.61,1,252.75,5.88,27.33,26.25,1127.81,58.0,0
1,15,4,4591.36,47.52,2,399.8,7.17,27.67,0.0,1889.77,49.1,0
4,26,4,2808.57,50.71,4,277.95,0.97,48.8,0.0,1284.09,63.7,0
4,26,2,3589.61,13.51,3,169.68,2.69,79.65,10.27,678.96,67.9,0
6,24,0,6085.0,29.4,1,271.83,1.3,64.94,0.0,1406.03,77.8,0
2,25,1,11709.34,42.64,5,335.36,9.27,107.74,21.9,1724.22,56.9,1
2,27,6,4920.52,4.32,1,68.82,5.03,71.68,0.0,347.12,54.7,1
4,27,0,2867.15,54.54,5,90.52,5.39,165.14,17.6,686.28,67.3,0
2,23,3,15605.96,70.93,2,317.66,7.58,75.38,17.75,1492.62,55.2,0
5,25,4,1559.54,58.93,1,87.94,0.22,34.17,0.0,277.18,69.3,0
4,33,1,2881.99,82.8,4,189.77,12.35,36.76,0.0,738.61,61.6,0
2,25,2,10038.95,68.41,2,228.8,2.34,42.13,0.0,1511.77,56.2,1
4,18,2,20194.5,91.57,3,110.4,8.57,55.21,0.0,657.32,61.9,0
4,35,1,7219.53,6.34,2,194.51,9.9,56.33,0.0,1509.13,65.7,0
1,25,3,6002.37,36.45,1,230.79,0.65,31.3,0.0,1493.73,53.0,0
5,26,3,3894.45,20.48,3,409.86,6.5,48.42,13.69,1627.65,69.9,0
2,22,2,7619.43,6.57,4,386.04,2.64,37.57,28.47,1390.98,60.6,0
4,29,3,5450.67,44.68,2,252.13,4.54,103.41,0.0,1412.87,64.3,0
2,25,2,2687.52,94.99,3,145.88,2.73,59.01,0.0,922.89,54.9,0
4,26,0,3838.38,30.47,4,390.66,0.54,67.96,0.0,1495.5,68.2,0
2,30,1,2455.4,63.73,6,398.19,6.67,67.51,20.3,2392.49,56.3,0
1,20,3,4968.6,115.21,2,132.78,10.3,43.55,0.0,972.65,46.6,0
5,31,4,5594.12,40.7,5,239.32,3.84,129.97,0.0,1588.58,67.1,0
1,24,3,18169.63,102.99,2,161.98,0.3,69.66,0.0,1023.87,50.4,0
2,28,2,3047.52,96.2,4,257.24,4.04,48.79,20.03,1786.98,55.9,0
5,28,3,4252.99,62.32,2,126.49,8.19,76.9,17.81,445.3,68.8,0
5,22,1,13458.22,16.31,1,333.24,8.6,29.26,24.5,1339.35,73.0,0
3,30,3,20828.37,6.18,7,258.2,3.01,75.96,0.0,823.79,60.3,1
3,28,4,7185.13,27.33,3,126.67,1.64,55.13,0.0,471.84,60.5,0
2,22,1,4012.42,34.66,6,317.0,5.79,47.23,0.0,2398.37,55.7,0
2,29,4,3366.36,40.68,6,145.13,3.51,44.48,23.07,596.59,56.3,0
2,29,0,1125.01,76.37,7,58.23,1.19,114.32,0.0,367.48,56.7,0
3,27,1,2339.72,26.3,3,109.01,1.68,34.69,0.0,703.95,63.2,0
4,31,1,5330.76,77.81,4,354.04,8.53,110.66,0.0,2204.48,62.7,0
4,17,2,4252.28,144.47,4,503.56,5.46,25.46,13.78,2905.35,61.5,0
4,16,4,8092.77,43.44,1,510.49,7.59,25.38,0.0,2772.28,62.4,0
1,24,5,4204.19,57.87,9,150.82,2.29,102.68,0.0,769.13,47.4,1
2,23,3,2749.44,138.61,2,189.64,1.77,66.13,17.52,1438.36,54.6,0
1,25,2,6458.0,84.95,1,163.99,2.9,47.12,0.0,499.77,51.6,0
2,16,5,36468.79,27.07,3,211.41,5.47,40.25,19.66,690.78,55.9,0
2,30,5,3812.81,152.12,3,85.6,2.15,95.85,0.0,467.62,50.4,1
4,14,2,5492.34,56.9,3,153.47,0.36,75.23,17.31,714.03,67.7,0
2,23,2,9677.32,29.82,2,239.8,1.99,33.72,0.0,1208.89,57.9,0
1,21,1,3111.02,10.03,3,355.05,1.99,33.74,0.0,2836.58,54.3,0
1,24,2,13605.18,26.59,4,252.09,3.36,101.1,69.32,1733.26,59.2,0
4,22,4,1389.6,55.08,1,184.45,0.61,31.23,0.0,1362.55,64.7,0
3,21,2,3546.86,20.53,1,110.89,1.77,34.66,7.3,537.02,63.9,0
1,23,2,3831.54,23.55,3,367.0,5.93,100.31,26.67,1540.61,54.6,0
1,25,0,5546.52,119.11,4,77.48,7.55,51.34,57.72,529.96,55.3,1
3,26,2,1015.17,57.59,3,89.48,4.56,39.68,0.0,629.73,60.2,0
1,16,2,14504.18,11.95,0,298.31,2.89,73.28,27.0,1715.16,57.1,0
4,21,3,6845.69,80.26,6,322.0,0.92,68.07,61.18,2408.47,68.7,0
3,30,1,12067.43,6.23,6,32.4,0.5,54.98,30.29,253.94,66.5,1
1,26,2,17861.96,55.08,1,185.43,2.34,23.84,0.0,992.98,52.8,0
1,19,0,2717.72,50.06,3,50.81,2.78,66.96,16.07,209.01,55.8,1
6,21,4,668.15,200.47,2,192.38,6.57,78.82,0.0,1074.54,65.8,0
2,22,4,12296.78,99.91,3,168.47,1.64,65.65,0.0,1338.96,53.2,0
2,27,3,3908.44,47.98,3,444.83,3.09,49.41,14.2,1986.02,56.8,0
4,29,6,1985.18,89.44,4,273.74,6.87,78.02,19.62,1666.54,60.4,0
5,13,4,7793.46,6.94,3,278.88,4.65,52.52,0.0,1804.35,68.7,0
6,28,1,35272.03,49.62,4,404.62,2.65,32.0,2.18,1646.66,75.8,1
4,31,1,4504.69,28.74,4,413.05,0.38,42.73,0.0,2454.46,67.1,0
2,21,1,10518.52,54.11,3,231.58,3.78,57.52,0.0,1058.89,56.9,0
1,22,3,2230.54,5.93,2,142.47,6.57,88.62,18.48,1035.9,53.8,0
4,23,1,1274.86,78.69,4,344.17,8.11,99.2,0.0,2262.48,62.7,0
3,31,3,10210.3,68.69,3,334.6,10.37,56.37,32.06,2386.13,59.7,0
2,24,2,7607.26,102.18,4,296.64,6.38,61.02,15.22,1186.09,54.5,0
5,17,2,3386.11,34.55,2,230.98,7.89,44.81,0.0,732.87,69.0,0
1,25,2,19244.4,80.82,3,191.23,1.09,21.14,8.54,1386.94,52.3,0
2,27,1,1198.0,160.76,3,413.73,12.11,32.35,0.0,2041.25,49.9,1
1,28,4,1837.16,38.98,4,168.14,8.21,55.51,0.0,655.51,48.7,0
2,36,3,3183.4,13.88,2,138.27,7.71,59.34,3.65,478.36,56.2,0
1,22,1,3695.54,77.34,4,183.95,4.87,56.21,47.8,1026.88,55.8,0
1,29,0,15871.55,36.24,2,124.6,2.39,28.31,0.0,467.33,55.1,0
1,14,4,5112.06,19.58,3,335.46,1.45,72.24,0.0,1956.9,51.7,0
3,37,1,4211.76,23.35,4,231.12,1.1,14.86,0.0,1533.81,62.9,0
3,24,1,1779.33,11.88,4,53.44,4.55,89.85,0.0,303.28,62.5,0
3,20,5,11722.99,19.66,4,274.39,4.49,76.28,48.13,2062.98,63.0,0
5,23,2,1979.67,65.04,2,187.74,8.66,53.78,0.0,709.25,67.6,0
2,29,1,1772.79,66.82,0,215.12,7.92,35.67,0.0,1176.67,56.1,0
2,20,4,3568.12,25.45,3,247.93,8.36,34.59,78.28,946.08,61.7,0
4,25,3,5600.19,193.86,2,155.85,2.87,59.63,0.0,1150.07,59.3,0
1,20,7,2762.49,53.28,3,137.34,5.83,33.84,0.0,1052.17,46.5,0
5,27,2,8652.59,62.08,1,297.24,11.71,118.76,58.21,1486.2,72.7,1
1,19,3,3919.11,71.94,3,97.06,1.18,114.69,0.0,439.56,51.1,1
5,29,1,11409.65,26.81,3,115.47,2.17,89.23,5.39,507.67,72.4,0
1,27,1,7362.01,92.87,2,131.91,12.59,111.3,0.0,962.78,48.5,1
4,28,4,20602.82,10.34,0,363.93,7.16,118.26,0.0,2333.61,64.2,0
2,32,2,3450.3,17.6,5,422.94,12.18,56.63,0.0,3131.01,53.4,0
6,23,0,9654.48,27.02,4,131.14,2.41,69.81,0.0,470.49,76.7,0
1,18,0,1176.8,57.9,2,116.91,1.13,68.03,0.0,629.0,54.6,0
3,21,2,49678.47,14.86,2,229.54,2.82,120.55,0.0,1464.66,62.5,0
5,22,4,9275.74,16.25,2,187.58,10.99,73.95,0.0,1404.11,66.7,0
2,18,5,3877.53,128.22,2,338.94,11.14,78.77,0.0,1664.23,48.3,0
3,25,2,3994.6,117.25,5,283.84,3.14,87.08,0.0,1295.87,57.6,1
3,25,2,4033.47,14.25,6,526.78,9.05,41.07,39.14,3985.03,62.4,0
2,38,3,21418.91,24.81,3,120.46,9.87,62.35,26.71,390.01,57.1,0
3,28,4,10085.35,47.06,3,336.04,5.92,93.16,30.08,1813.94,61.0,0
3,29,1,3447.3,75.05,1,168.42,1.86,103.08,34.17,891.48,65.3,0
5,18,2,1824.29,34.0,2,112.29,6.31,83.94,0.0,418.88,69.6,0
1,29,2,12795.95,30.65,4,166.66,0.3,41.5,17.13,829.09,55.1,0
2,18,4,9612.69,107.61,3,177.6,3.14,32.58,34.66,1174.48,55.9,1
5,29,2,8648.11,26.9,2,401.62,4.36,45.84,0.0,1941.57,70.2,0
4,23,2,4596.29,38.73,3,73.78,1.31,88.64,0.0,335.56,66.4,0
2,31,2,3867.28,69.92,0,133.64,2.52,17.62,0.0,923.39,56.9,1
3,29,2,18923.86,72.1,2,223.24,1.84,26.24,0.0,1773.32,60.6,0
2,23,3,20386.24,66.86,1,107.45,1.35,28.11,0.0,741.07,56.2,0
1,15,1,8201.73,64.03,3,498.15,10.17,76.29,19.81,3602.45,51.4,0
2,21,3,10677.27,58.14,4,541.55,9.21,56.3,14.61,4168.56,53.5,1
2,29,2,5936.52,40.71,5,212.78,2.78,14.72,0.0,1491.33,56.1,1
3,35,2,1642.56,92.75,1,297.81,5.07,130.45,15.39,2353.2,60.4,1
1,38,4,2244.43,74.75,6,453.45,4.57,62.25,0.0,3054.65,47.3,1
6,23,1,12294.97,29.94,1,195.42,3.0,18.23,25.7,1232.64,78.9,0
6,20,4,13615.5,39.43,1,287.79,2.65,61.86,47.52,1861.09,78.0,0
3,27,2,11422.06,16.09,1,98.75,2.8,170.83,18.1,740.68,64.8,0
2,26,2,6482.37,33.46,2,55.01,0.34,40.98,39.59,352.87,62.4,0
2,30,1,11766.82,18.16,5,358.58,3.84,125.86,0.0,2440.48,57.3,1
4,23,2,4691.42,94.54,3,202.81,5.57,76.61,0.0,827.48,62.8,0
3,21,3,8079.72,221.31,3,532.62,2.1,124.29,16.28,4028.33,54.7,1
1,33,2,4172.43,16.78,5,147.29,2.54,35.74,34.76,771.23,56.3,1
5,24,1,2110.27,42.74,4,93.24,3.85,64.11,15.16,354.8,71.9,0
4,28,1,9814.91,37.46,2,338.79,11.61,105.1,11.45,2371.16,64.9,0
5,19,4,13630.97,5.17,1,508.77,2.96,61.69,12.1,2432.93,71.1,0
3,27,2,35566.77,27.89,2,99.47,4.71,44.41,33.7,390.0,65.0,0
3,25,0,6070.66,156.56,4,119.49,1.41,73.06,17.11,511.55,60.7,0
2,25,4,2125.48,55.02,2,443.66,4.04,49.82,0.0,1408.5,54.4,0
5,16,1,3779.12,43.29,3,625.18,5.14,50.96,0.0,2158.82,69.8,0
4,30,2,4408.49,18.42,4,289.17,3.73,44.22,9.44,1724.38,66.6,0
1,26,3,5534.73,85.76,5,139.14,0.71,40.11,0.0,1020.04,49.9,1
1,13,3,7163.12,32.36,0,421.81,4.99,100.3,26.82,2211.38,54.6,1
2,24,2,6570.7,26.42,5,179.74,2.54,12.38,0.0,1101.83,56.8,0
4,31,2,9151.43,79.81,7,141.95,0.07,48.02,0.0,1000.55,63.8,0
6,38,3,5755.66,43.01,3,155.38,1.64,30.36,13.72,743.31,75.3,0
1,26,4,828.62,21.05,3,314.14,8.31,39.66,0.0,1970.15,49.3,0
3,24,5,5894.1,84.48,2,219.76,2.4,72.55,0.0,1044.32,57.4,1
2,16,2,5267.89,53.59,5,279.79,6.32,62.22,0.0,1738.48,54.4,0
5,29,2,7632.83,85.18,2,344.24,4.5,75.25,24.66,1407.26,70.6,0
4,25,1,3680.54,44.73,5,185.58,3.03,39.15,5.09,1464.07,66.1,0
4,21,3,5877.11,232.53,2,369.28,1.85,30.65,26.73,1248.48,60.9,0
2,27,2,7669.4,9.92,1,214.96,10.32,31.02,0.0,1187.88,56.2,1
2,26,3,4324.13,215.4,3,156.85,11.53,22.23,3.77,695.06,47.0,0
2,25,3,8439.65,30.06,3,79.44,5.79,37.5,0.0,477.0,55.5,1
1,34,1,5198.37,10.53,2,180.8,4.79,44.43,0.0,929.61,54.2,1
4,27,2,5570.98,57.42,5,469.59,1.43,51.2,0.0,2128.79,64.6,0
4,22,1,500.0,107.2,2,334.28,3.7,32.68,0.0,1420.75,64.0,0
6,29,4,1968.23,66.41,8,278.74,4.36,104.96,0.0,1090.58,69.5,0
6,24,0,1972.52,8.18,4,105.37,1.64,88.09,0.0,728.59,77.6,0
3,25,3,5843.39,9.3,6,153.64,11.53,67.34,0.0,631.63,57.8,1
4,18,2,13593.3,11.54,4,308.25,5.91,9.24,20.55,2116.92,70.4,0
5,23,1,4470.56,27.76,1,352.52,6.7,39.96,0.0,1912.5,70.6,0
4,29,2,9687.95,13.52,6,338.65,4.75,31.27,35.51,1138.25,68.6,0
1,23,3,8255.23,39.24,5,248.11,5.94,32.5,35.31,949.57,53.5,0
2,33,0,5496.76,6.61,8,129.49,2.78,62.97,0.0,966.6,58.3,0
1,26,6,7778.99,41.37,2,353.0,6.8,28.21,0.0,2122.98,47.6,1
5,30,1,5983.46,63.84,2,152.94,2.42,37.93,6.4,599.78,71.3,0
3,26,2,4386.01,107.03,5,355.76,6.87,49.24,19.1,2319.11,58.4,0
1,27,3,6720.14,56.66,4,181.04,2.27,33.12,36.04,1288.31,54.4,0
3,17,3,15635.59,123.03,4,517.66,5.31,94.01,20.15,2408.8,57.8,0
3,20,4,7173.86,56.73,5,169.51,4.01,133.95,0.0,980.27,57.8,0
2,31,2,5851.05,15.69,3,167.5,1.16,100.93,0.0,748.26,58.4,1
1,36,1,2435.82,36.04,3,204.02,10.99,42.16,21.09,693.74,53.0,0
3,24,3,15255.57,26.53,6,130.75,3.31,52.43,24.5,653.43,62.3,0
2,25,3,1594.57,50.97,2,115.9,4.82,22.1,25.95,783.15,57.9,0
4,22,5,1255.32,4.66,3,127.89,8.7,68.03,34.53,676.98,65.9,0
2,32,2,6615.49,115.44,3,434.65,9.39,12.24,0.0,2184.7,51.6,0
4,29,1,2429.38,77.46,2,120.81,8.25,20.75,29.1,583.49,66.7,0
3,25,1,11746.13,47.74,1,168.47,1.7,64.24,23.38,891.96,65.3,0
3,26,1,1277.98,224.74,1,656.88,2.68,75.34,0.0,3015.84,55.5,0
4,22,2,10608.86,155.53,2,361.9,3.05,35.06,0.0,2193.47,61.3,0
2,20,2,9478.54,72.24,2,358.35,8.79,57.42,0.0,1188.94,54.0,0
1,25,4,5401.4,49.25,1,602.04,12.42,101.68,19.07,4236.53,48.9,1
1,22,3,916.3,39.06,0,200.56,6.8,22.74,0.0,775.35,51.4,0
4,29,3,1238.13,36.69,2,57.92,0.26,127.8,0.0,357.19,66.3,0
3,26,2,5954.77,25.77,8,339.68,11.08,123.28,0.0,1783.1,57.2,0
3,24,1,4079.65,25.92,4,187.67,4.63,93.67,0.0,1288.85,61.7,0
1,18,2,8794.35,45.59,3,660.15,3.16,63.31,0.0,4707.35,51.3,0
1,25,2,4653.74,101.62,4,52.36,4.12,66.04,47.94,210.55,54.4,1
1,41,3,4340.98,45.18,4,115.94,4.69,39.04,21.84,740.37,52.7,0
2,22,0,705.53,12.86,1,149.29,10.23,29.63,10.1,589.64,59.0,1
3,21,0,9489.54,37.48,6,202.93,9.27,67.56,23.86,734.59,62.5,0
2,21,3,2923.93,19.88,2,87.47,0.62,116.58,47.7,669.24,62.7,0
2,24,2,3573.98,136.11,1,263.48,4.01,67.8,17.11,1007.01,55.3,0
5,22,3,2088.45,5.12,7,144.12,1.23,22.15,0.0,596.76,69.8,0
2,30,3,1433.21,48.75,3,375.55,9.0,83.72,0.0,1371.36,53.5,0
2,23,4,15957.92,18.08,3,451.47,7.89,13.01,0.0,2416.04,55.7,0
4,29,3,9287.18,39.02,5,174.64,1.8,78.82,9.27,1326.95,65.4,0
2,26,2,9410.64,48.16,2,288.86,5.23,134.03,45.9,1247.94,60.7,0
3,16,5,4133.14,88.76,2,213.91,10.98,103.22,16.09,1221.29,56.0,0
4,28,3,1223.73,33.69,1,204.42,7.56,58.57,52.62,1033.8,69.4,0
5,29,4,26413.64,47.05,3,82.73,2.82,59.55,38.36,387.19,72.0,0
1,36,2,6890.05,116.04,2,197.69,3.12,139.98,51.93,1158.63,55.0,0
5,21,5,5483.13,115.82,8,354.26,5.91,31.66,0.0,2052.73,61.6,0
2,22,3,3687.46,188.96,0,267.48,11.95,144.43,21.51,1283.06,50.5,0
2,29,3,957.53,21.21,5,117.95,2.08,46.8,34.88,855.46,59.8,0
2,25,3,12249.58,191.02,1,83.24,5.99,163.78,44.85,271.84,54.6,0
6,23,4,2108.72,37.12,4,193.45,1.06,16.37,0.0,662.8,73.2,0
2,30,3,7610.28,133.14,2,132.6,5.75,35.31,50.81,1054.66,56.9,1
2,28,2,9105.8,86.13,4,142.61,0.62,38.4,0.0,961.0,55.6,0
3,34,4,6420.98,32.19,4,134.07,5.56,15.79,22.74,941.11,60.8,0
1,21,3,7157.95,165.79,3,215.65,7.38,97.97,32.86,1296.79,48.6,1
1,20,2,14427.56,123.55,2,300.55,2.8,68.32,0.0,1532.6,49.6,1
1,31,2,2607.29,15.1,1,129.38,8.98,43.62,0.0,795.18,52.1,0
1,28,4,5606.05,34.44,2,125.74,7.5,57.63,16.6,435.43,51.5,0
1,36,1,4104.81,78.1,1,93.19,4.32,139.29,18.22,632.62,54.1,0
1,23,2,1128.17,12.6,2,237.1,6.55,43.12,27.3,1352.34,55.3,0
3,23,3,6179.96,44.26,1,349.37,0.22,68.15,24.06,2719.35,63.8,1
1,31,1,13373.1,101.67,1,199.46,11.29,90.51,26.38,1234.13,51.5,0
2,24,1,14780.55,44.23,3,301.4,0.41,96.28,0.0,1132.78,58.4,1
4,28,6,21719.85,56.75,1,404.53,2.0,98.68,36.05,2179.52,65.7,0
2,14,1,1189.19,96.37,3,246.28,0.16,74.94,11.82,810.05,57.8,0
3,28,4,18086.16,66.59,2,119.9,5.92,48.62,39.19,806.58,61.8,0
1,20,1,5698.01,43.96,3,111.34,1.03,28.23,0.0,613.38,54.0,0
1,26,1,17684.61,131.73,2,124.65,5.71,30.68,0.0,604.36,49.4,1
1,19,3,3583.78,52.47,4,552.94,4.43,93.53,0.0,4336.59,49.4,0
1,22,5,3214.28,48.2,1,641.47,0.7,50.49,27.38,4941.27,52.6,0
2,28,2,1858.98,130.12,3,170.38,4.28,69.26,0.0,1322.87,53.0,0
1,21,3,9143.35,68.51,3,393.19,2.48,51.25,0.0,1613.98,50.5,0
1,26,4,7417.38,18.73,4,433.4,5.01,84.14,0.0,2879.01,50.0,1
1,33,1,2011.01,20.97,4,84.1,1.27,94.92,0.0,649.85,54.4,0
2,28,0,870.17,26.43,4,535.34,2.77,25.26,40.35,3134.05,62.4,0
1,26,2,6851.32,99.57,3,183.33,2.11,85.95,21.02,746.32,52.7,0
2,22,2,7505.09,92.21,4,177.76,5.43,59.16,34.89,1260.18,57.2,0
2,27,1,2231.52,55.94,5,95.74,2.02,43.05,0.0,708.45,56.9,1
3,29,1,1900.24,21.23,3,554.99,9.14,55.39,0.0,3616.4,60.2,0
1,16,2,8305.68,36.35,3,222.99,7.52,79.24,46.51,996.25,55.7,0
4,22,2,21701.03,121.29,2,523.97,4.37,81.59,0.0,2071.49,62.2,0
3,28,3,3307.7,43.09,3,418.34,12.99,70.1,5.86,2560.79,57.1,0
1,15,3,2431.56,41.68,4,172.3,0.31,43.34,0.0,932.81,52.1,1
4,35,2,6242.19,28.29,2,227.37,7.59,15.8,0.0,1442.41,64.8,1
5,28,2,8169.82,101.78,7,140.9,7.88,61.3,0.0,501.39,64.9,0
1,20,3,3672.28,24.76,4,151.88,2.28,95.23,78.45,558.86,60.0,0
2,29,1,24836.58,83.44,2,276.38,4.79,37.22,0.0,1330.64,55.8,0
4,21,2,10110.69,32.51,2,328.51,4.78,54.94,4.92,1410.57,66.1,0
3,15,3,3622.73,72.51,1,56.39,0.78,41.51,17.53,343.82,62.5,0
1,18,3,1374.73,60.08,2,57.67,8.21,26.6,0.0,278.99,49.6,0
1,29,4,14122.68,46.32,3,154.56,7.34,56.87,0.0,992.26,49.0,1
2,24,3,12753.3,37.38,6,253.05,3.44,35.49,16.88,1731.85,56.4,0
2,23,0,3857.59,64.77,5,437.52,1.5,73.61,0.0,1722.02,57.4,0
3,20,1,6505.87,59.6,3,220.95,8.0,105.0,45.27,1679.03,64.1,0
2,21,3,4357.37,29.52,2,182.72,1.4,68.48,20.73,1267.29,59.2,0
2,26,3,7453.8,109.87,4,298.36,0.19,26.73,0.0,1830.11,53.7,0
3,22,1,2164.71,93.66,2,118.59,2.68,53.23,0.0,894.7,60.6,1
1,26,2,1931.37,21.65,3,224.31,1.34,52.49,0.0,971.1,53.7,0
2,27,4,9402.12,24.06,4,196.82,6.12,56.42,0.0,1005.45,54.3,1
3,21,1,10405.52,7.48,1,234.72,1.17,96.86,0.0,804.85,64.7,0
4,28,4,3318.83,87.26,9,406.69,2.5,27.98,36.67,2147.67,63.6,0
2,22,3,2699.18,38.74,4,64.81,0.81,59.29,25.02,358.54,59.1,0
2,26,4,12308.6,49.12,3,203.55,1.83,36.01,45.79,1237.66,59.6,0
1,36,0,2773.29,23.28,3,327.76,0.5,19.88,32.92,1088.22,59.0,0
2,20,2,5137.54,49.2,2,286.8,0.55,93.49,0.0,906.95,57.7,0
2,28,6,4641.85,62.14,2,69.37,3.75,65.99,0.0,353.76,52.7,0
1,24,4,1520.01,14.33,4,57.45,1.52,59.12,0.0,226.69,52.0,0
2,26,3,5731.26,61.13,2,314.25,2.91,24.79,0.0,2135.0,55.2,0
2,24,1,5300.34,58.77,2,67.07,4.48,30.51,0.0,425.49,57.0,0
1,23,1,6556.11,125.97,2,226.79,1.65,31.43,0.0,1049.86,50.9,0
2,20,0,5578.0,63.92,3,391.54,9.3,60.17,35.52,1264.24,59.1,0
1,43,3,27134.19,21.02,2,80.0,2.38,54.21,35.95,312.97,56.6,0
2,17,1,12448.34,22.73,3,525.58,1.91,41.21,0.0,3394.4,58.2,0
1,33,4,5069.75,58.2,3,308.23,0.86,85.81,39.54,2450.72,54.3,0
4,21,3,5454.47,37.78,3,843.28,11.34,52.55,11.69,3906.33,62.5,0
3,28,0,20148.71,82.67,3,157.89,4.51,56.1,0.0,1106.81,60.9,0
3,26,3,9803.26,13.73,4,448.82,0.65,79.25,0.0,3292.28,61.2,1
4,27,3,1838.67,89.95,6,168.99,3.9,26.69,15.14,547.68,63.2,0
2,28,0,10500.29,56.74,2,218.53,2.26,22.04,24.89,1656.74,60.9,0
1,29,3,13283.01,128.12,3,138.95,7.75,55.67,1.56,740.75,46.9,1
2,21,3,17928.98,45.25,5,212.35,13.2,59.47,0.0,1660.81,51.5,0
3,21,3,3564.6,21.85,1,361.86,4.26,40.34,0.0,2059.97,61.0,0
3,15,3,3362.5,19.89,4,535.9,3.52,60.36,0.0,2237.79,60.3,0
2,29,1,2313.57,63.93,3,121.3,4.04,56.25,17.71,955.02,58.3,0
1,28,3,6288.65,16.27,6,238.72,8.53,30.78,0.0,1006.58,49.6,1
2,36,2,8833.39,189.86,3,150.45,2.59,45.68,0.0,1115.19,51.3,0
2,34,1,3259.52,43.85,1,246.22,2.72,44.5,0.0,951.79,58.4,0
3,20,3,4387.64,137.48,4,392.43,4.76,55.52,0.0,2501.28,55.4,0
3,29,1,950.54,9.93,3,158.69,4.02,24.02,0.0,802.38,63.0,0
2,25,0,16441.42,2.87,2,279.31,4.88,49.79,46.98,2195.42,64.1,0
6,23,2,1405.32,26.61,4,116.34,0.93,34.71,0.0,456.51,75.4,0
3,26,1,6633.08,66.95,6,410.88,3.42,75.47,0.0,2072.46,59.7,0
1,21,1,5946.77,54.24,3,334.64,1.3,71.66,0.0,2074.42,53.1,0
1,32,2,5098.22,30.29,6,130.0,1.27,137.68,37.1,1025.45,56.1,0
1,30,3,5192.85,66.24,5,127.93,1.55,98.72,0.0,578.17,50.5,0
1,27,1,2187.63,40.69,2,463.4,3.43,46.2,0.0,2309.76,53.2,0
1,28,2,3780.26,16.77,4,621.88,1.0,35.97,4.06,3301.53,53.5,0
1,24,4,10669.67,151.57,1,133.73,5.46,56.62,0.0,570.17,46.4,0
2,35,2,13522.69,2.57,4,363.3,3.65,140.2,0.0,2574.63,57.3,1
1,30,3,3509.68,60.24,1,173.31,9.83,73.16,50.79,599.65,54.4,0
4,24,5,1410.45,51.67,2,463.89,0.81,37.1,0.0,3026.39,63.1,0
1,22,4,2636.11,52.71,5,178.91,3.72,64.85,0.0,1014.35,49.3,1
2,15,0,21636.95,103.45,1,319.42,3.84,107.8,31.44,1344.63,59.7,1
2,34,3,2764.69,19.36,4,234.3,0.78,41.74,60.04,1280.27,63.1,1
6,29,3,4547.06,18.41,1,44.27,1.6,56.08,16.82,316.52,77.3,0
1,27,4,15256.03,103.64,3,122.12,7.53,189.36,0.0,638.33,46.8,1
2,19,2,3224.34,77.29,2,316.01,8.01,59.83,0.0,1140.64,54.1,0
5,16,1,4305.17,132.28,4,294.3,0.9,33.75,16.6,942.95,69.5,0
4,27,0,9279.83,42.31,3,252.96,0.83,29.3,0.0,1742.64,67.9,0
4,30,3,19330.62,41.22,5,546.55,1.37,45.19,0.0,2542.66,64.2,0
2,18,2,2932.35,96.14,6,349.11,6.48,53.87,47.8,2672.9,56.9,1
1,22,3,14968.09,119.82,4,324.56,1.54,63.83,0.0,1975.16,48.5,1
3,25,4,3923.65,16.97,5,43.68,4.11,65.9,19.87,226.33,61.5,0
5,23,1,2419.36,183.01,7,359.2,12.32,37.84,0.0,2091.39,60.9,1
3,30,2,6000.78,34.27,2,72.33,5.33,27.26,0.0,382.31,61.2,0
3,22,1,1946.81,59.82,4,212.6,3.14,98.54,56.67,1600.71,66.5,0
2,36,3,7169.63,76.4,6,72.94,10.96,37.59,0.0,385.88,51.1,0
4,23,3,50000.0,105.42,3,283.43,3.29,90.42,43.65,997.76,66.6,0
1,17,2,11902.23,85.37,7,401.76,0.81,71.24,0.0,2404.72,49.8,1
2,26,1,4519.15,53.63,6,202.25,10.86,99.46,0.0,1236.71,53.6,0
2,20,4,11404.48,84.77,3,206.31,3.58,71.03,0.0,1408.42,53.1,1
2,31,2,2332.7,37.49,1,114.56,2.23,20.85,0.0,878.26,57.9,0
1,24,0,2667.94,31.71,2,397.88,8.07,76.55,10.75,2075.12,54.0,1
1,19,3,4620.55,52.28,4,78.23,3.56,65.16,44.08,372.39,55.1,0
3,20,5,5272.32,115.56,4,234.33,0.32,114.36,7.19,1278.03,56.9,0
2,21,4,1746.48,75.15,5,200.53,3.76,120.56,8.89,1504.16,53.6,1
3,19,5,3846.11,34.98,4,267.12,0.71,58.15,51.3,2110.22,64.0,1
1,28,4,4377.92,47.41,4,339.06,10.92,37.61,0.0,2663.75,47.0,0
2,25,1,16874.82,99.57,2,193.45,7.88,26.72,0.0,802.5,54.3,0
2,17,2,1746.42,61.98,6,360.61,3.28,27.14,50.68,1977.77,59.8,0
1,21,1,1621.59,56.45,1,208.68,5.12,108.89,0.0,896.76,52.7,0
2,17,2,5656.54,57.41,1,261.69,3.6,62.52,0.0,1266.57,56.6,0
1,25,4,12341.23,17.87,7,101.39,7.04,84.71,11.58,320.23,50.1,0
1,21,1,7640.93,8.21,3,163.97,4.11,40.62,0.0,623.58,54.3,0
6,23,4,6261.29,107.7,3,66.76,2.42,64.42,0.0,332.81,70.5,0
2,27,4,3901.49,51.99,1,221.68,11.27,59.01,0.0,1069.28,52.5,0
4,24,2,8441.24,58.58,2,328.23,7.61,16.97,55.99,1442.27,69.2,0
2,26,3,9523.44,35.94,1,187.68,5.84,68.26,0.0,779.18,55.9,1
3,28,4,4000.41,133.8,1,201.29,3.39,66.56,0.0,1357.68,56.4,0
4,25,2,2301.0,33.36,2,269.91,1.58,59.36,0.0,1207.23,66.7,0
3,32,1,2313.0,40.39,3,287.24,0.73,78.65,0.0,1876.49,62.7,0
2,25,3,9926.74,106.2,2,64.6,5.98,66.8,0.0,312.85,53.0,1
2,27,5,1428.79,34.31,7,145.16,1.33,92.36,37.67,1017.56,57.4,0
2,22,2,18800.66,59.25,4,72.52,1.24,39.08,0.0,278.21,56.6,0
5,28,6,3412.16,14.56,4,166.67,2.46,52.22,13.8,631.34,68.7,0
4,23,3,6295.72,23.54,3,491.02,9.09,136.54,54.52,3141.7,68.3,0
5,20,2,8615.93,12.35,4,330.83,4.95,106.34,0.0,2505.91,69.7,0
1,24,0,2844.24,53.96,4,212.24,4.89,50.56,0.0,788.44,52.8,1
3,30,2,3401.87,56.65,7,568.11,11.47,41.86,0.0,1913.7,56.2,0
5,25,1,5462.03,59.22,4,255.06,1.64,48.94,10.66,1957.13,71.2,0
1,27,2,2482.5,41.54,4,740.84,4.36,77.42,0.0,2657.11,51.2,1
1,21,2,2092.02,43.36,1,231.45,0.62,57.08,0.0,984.08,53.8,0
3,28,1,2247.95,29.25,1,144.72,9.13,95.76,0.0,1106.75,61.2,0
3,31,6,12930.15,37.31,1,95.98,10.28,20.95,0.0,673.28,56.1,1
4,22,0,6757.04,15.35,5,310.79,2.92,41.91,0.0,1465.01,67.6,0
1,24,4,2605.73,66.13,6,165.59,2.47,94.62,72.66,1287.09,56.0,1
4,24,5,9879.4,88.24,3,231.17,9.67,22.17,0.0,1350.12,58.8,0
1,23,6,2723.83,44.52,6,282.62,3.69,26.45,0.0,949.96,47.5,1
1,33,0,1032.43,43.5,7,121.6,4.07,51.12,3.58,792.24,52.8,1
1,23,4,8582.21,54.1,2,252.55,2.17,39.48,10.79,1436.1,51.7,1
4,39,3,18342.66,131.37,3,189.65,1.35,41.04,0.0,1111.88,61.8,1
3,27,1,7680.44,47.48,3,75.82,2.8,68.84,0.0,604.31,62.0,1
2,23,5,1085.86,50.72,2,291.52,7.71,58.54,0.0,1096.85,52.5,1
2,26,2,4823.02,229.75,2,313.84,1.33,51.9,0.0,1972.15,50.4,0
4,20,4,3945.53,42.3,1,439.47,2.91,41.88,0.0,2326.43,64.1,0
2,23,0,6651.31,64.9,2,98.14,4.04,33.33,0.0,427.82,57.8,0
4,23,4,2495.35,62.94,4,629.55,1.88,29.61,0.0,4071.78,62.3,0
2,28,2,3763.93,37.99,1,130.07,1.04,56.4,27.46,824.78,61.0,0
2,28,0,1578.03,68.03,5,48.4,1.43,135.14,0.0,352.51,57.6,0
2,20,5,5868.87,13.22,3,217.76,8.38,39.53,0.0,1610.19,53.2,1
2,25,1,1625.68,43.4,3,267.22,3.0,92.24,44.03,1552.3,61.9,0
3,26,3,6973.97,23.04,3,194.52,5.04,60.28,56.96,900.23,66.0,0
2,29,4,2696.1,69.28,4,97.15,4.74,65.81,0.0,548.71,53.2,0
1,29,0,500.0,11.12,0,157.63,4.96,93.95,0.0,756.04,55.7,1
4,30,1,9274.34,80.09,4,258.0,8.17,35.45,23.74,1131.8,65.3,0
2,19,3,7297.1,2.23,6,681.85,1.81,114.5,0.0,3926.03,56.0,0
2,27,0,14506.52,66.08,4,100.58,3.05,61.72,47.35,632.59,62.1,0
5,19,2,923.25,19.73,1,143.86,8.42,71.88,38.6,856.38,73.6,0
3,32,3,2911.32,30.4,3,83.14,1.8,71.15,0.0,646.14,61.2,0
1,33,3,5460.38,41.7,0,166.42,5.32,83.1,13.79,747.75,53.2,0
5,26,2,7764.87,137.82,5,202.93,5.61,59.56,35.69,986.59,68.4,1
3,32,2,1524.91,19.51,3,374.42,4.75,94.73,2.47,2373.17,61.3,0
2,27,4,6940.77,48.92,2,261.03,7.35,55.59,0.0,1566.68,53.5,0
1,25,4,3110.62,112.83,4,478.15,8.54,73.52,38.76,1438.9,49.5,0
4,21,1,1114.25,50.63,4,208.54,6.52,69.21,22.03,951.26,66.9,0
3,22,3,2695.81,73.42,6,18.22,1.46,81.58,35.81,77.78,62.4,0
2,20,2,7416.79,102.35,3,268.17,2.72,33.88,17.2,1930.74,56.1,0
4,33,4,1152.12,29.8,2,60.56,2.41,66.23,0.0,444.01,64.9,0
4,20,0,8181.59,32.9,0,367.76,6.55,76.78,0.0,1625.3,67.4,0
1,28,1,6165.36,19.2,3,208.71,2.66,21.31,0.0,732.65,54.3,1
2,30,4,4011.47,113.75,3,139.76,0.27,36.69,0.0,562.66,53.3,0
1,30,2,1328.55,152.1,4,91.83,10.19,35.67,0.0,356.57,45.7,1
3,28,3,1416.64,14.42,3,153.28,0.84,48.71,0.0,641.8,62.1,0
1,35,2,3573.19,60.96,4,202.81,2.49,56.75,0.0,846.36,51.5,0
3,22,1,1998.29,30.11,1,579.72,6.25,51.23,18.62,3130.01,63.4,0
4,20,2,3763.08,31.62,0,192.38,3.75,70.88,39.5,884.59,70.7,0
4,20,1,10147.13,76.34,3,243.4,4.22,54.55,60.85,1411.53,70.8,0
2,21,3,3950.44,52.08,2,199.23,16.38,71.74,0.0,940.52,51.4,1
4,30,1,3864.72,71.36,3,243.72,2.81,121.07,0.0,1723.95,65.3,0
1,29,1,3867.17,149.3,2,235.01,11.02,51.54,0.0,1822.27,46.7,0
4,17,2,11055.92,63.22,3,210.97,3.41,64.83,39.82,1058.98,68.6,0
1,23,4,13831.39,78.28,3,136.67,8.31,38.44,15.31,443.83,49.1,0
2,21,5,6888.08,99.74,0,317.46,0.76,75.55,0.0,1332.68,53.6,0
4,22,1,5482.26,27.59,1,100.55,1.99,55.13,17.25,352.87,69.9,0
1,32,2,5905.56,83.6,2,284.21,8.46,31.1,15.77,1342.55,50.8,0
1,21,2,15403.68,30.95,4,321.0,2.19,13.8,28.91,1998.44,56.4,0
3,15,4,7194.0,15.94,3,51.02,15.43,54.82,0.0,285.43,56.4,1
3,21,1,16613.17,67.27,0,93.91,5.59,45.34,0.0,395.77,61.4,0
3,24,5,3514.78,17.72,5,56.73,4.65,27.18,0.0,387.8,58.3,0
3,30,0,1688.41,52.35,3,428.49,3.43,76.69,0.0,1567.15,62.3,0
2,22,3,2877.72,43.61,2,149.53,1.0,56.78,0.0,619.18,56.9,1
2,21,3,3133.05,124.4,2,415.42,4.1,45.8,0.0,2650.45,52.3,1
2,29,1,17740.8,17.61,2,170.78,0.31,78.87,0.0,680.75,59.9,1
1,29,0,8858.48,63.51,1,106.41,8.35,31.92,0.0,680.36,52.3,0
5,31,1,2951.4,25.2,0,132.09,2.17,42.3,0.0,1041.47,72.8,0
3,26,3,9383.7,11.17,5,232.37,5.68,95.64,0.0,1662.99,59.7,0
2,31,2,4430.8,6.1,5,319.01,6.42,55.2,0.0,1212.25,56.3,1
2,29,1,18172.07,18.26,0,215.27,2.62,73.28,0.0,1206.08,59.6,0
5,28,5,3763.25,17.51,1,360.37,5.35,72.36,43.45,1842.06,72.2,0
1,21,1,1434.95,6.42,2,189.63,2.67,103.2,49.12,1509.16,59.8,0
3,23,0,4232.72,91.51,2,203.19,3.12,68.36,0.0,1589.33,61.3,0
2,30,3,3764.9,108.47,4,126.48,5.12,26.33,0.0,459.81,52.5,1
3,26,2,1678.1,26.56,2,117.56,3.14,66.36,13.88,886.81,63.5,0
1,24,2,7853.62,35.05,5,331.57,11.3,69.7,71.91,1315.39,56.3,0
4,28,4,15363.89,41.18,3,100.81,1.27,69.82,0.0,463.44,64.5,0
5,35,3,2002.22,99.59,2,170.49,3.7,76.67,25.89,812.75,69.7,0
3,25,2,10701.81,100.99,4,340.95,1.34,54.27,0.0,1511.8,59.1,0
3,28,1,3025.09,62.67,4,65.45,15.72,28.4,47.95,475.59,61.7,0
5,21,3,4818.53,61.15,2,434.88,10.34,91.4,47.98,2022.07,70.8,0
3,27,4,4430.12,32.59,0,107.55,9.48,66.53,0.0,761.85,58.6,0
1,20,0,4818.56,6.21,5,435.86,0.17,53.14,12.33,3474.66,56.4,0
3,24,2,7175.78,39.93,2,100.68,4.41,132.01,0.0,725.31,61.2,0
3,31,1,2166.04,113.17,3,331.11,3.85,30.33,0.0,1566.4,59.0,0
2,27,3,13830.62,28.75,0,146.81,8.72,51.82,0.0,962.55,55.5,0
3,38,5,7352.78,37.07,5,592.57,3.73,74.17,27.43,3359.65,59.9,0
5,25,4,9589.9,85.93,3,181.94,3.45,48.62,0.0,1261.33,66.3,0
5,19,1,2633.18,35.8,3,91.57,5.98,50.42,58.01,344.79,76.1,0
2,26,3,2014.61,41.15,1,284.36,6.09,45.53,4.21,1760.35,55.8,0
1,23,3,12659.6,87.3,6,157.56,3.85,25.06,0.0,1082.2,48.5,0
6,17,2,1946.52,6.1,2,301.41,7.91,105.6,0.0,2051.43,74.2,0
4,27,3,5538.31,17.08,4,432.05,3.55,27.49,0.0,3377.72,64.5,0
1,20,1,11105.51,161.9,3,336.43,4.9,42.4,56.48,1107.54,53.8,0
5,22,4,4440.66,86.86,1,62.44,12.38,32.41,28.84,295.29,67.1,0
4,32,0,12532.26,95.0,3,99.22,3.43,32.54,0.0,534.1,65.4,0
2,31,2,3955.07,61.48,3,247.47,5.64,59.07,48.88,1125.68,60.0,1
3,22,2,1768.82,67.26,1,263.0,6.74,62.32,0.0,1196.37,59.6,0
2,17,1,6629.85,29.59,5,27.34,3.28,89.09,0.0,106.09,57.6,0
1,16,4,5759.68,39.75,2,85.08,5.18,38.61,0.0,601.06,50.4,0
2,21,2,42208.67,97.01,8,106.13,2.91,35.62,37.94,800.22,58.5,1
4,21,4,2307.48,33.77,5,450.62,2.03,29.79,1.0,1537.37,63.7,0
1,19,2,4017.93,28.75,3,135.99,3.15,51.86,32.7,513.31,56.2,0
2,39,5,2738.89,48.69,2,317.66,1.28,37.72,0.0,1315.84,54.7,0
2,21,2,4385.3,61.81,0,397.09,6.37,71.02,47.22,2201.82,60.3,0
2,22,1,4246.11,118.02,2,132.68,4.16,38.57,0.0,922.9,54.8,0
5,21,1,2445.88,261.95,6,198.76,13.53,57.66,0.0,667.3,58.2,1
2,21,2,7148.02,21.61,4,318.2,2.52,51.05,0.0,1967.79,57.1,0
2,28,2,4140.97,79.95,3,62.0,11.68,14.44,0.0,232.28,52.7,1
3,20,4,14420.22,52.99,4,175.65,14.21,87.34,9.65,1380.1,55.8,0
2,19,1,2925.31,8.02,2,420.6,5.63,101.9,0.0,3151.9,57.9,0
1,31,3,21787.65,136.01,2,259.12,4.2,37.81,21.88,2007.62,49.8,0
2,16,4,6128.46,36.21,2,260.83,4.06,44.22,0.0,920.96,55.2,0
1,22,5,13589.69,34.46,3,361.44,5.34,47.78,0.0,1966.28,48.9,1
1,30,2,5390.33,135.98,3,145.25,4.16,71.49,0.0,555.77,48.6,0
2,26,4,2631.94,47.51,5,103.47,0.91,93.43,0.0,620.99,54.9,0
2,19,2,3980.58,109.91,5,250.47,1.2,64.47,20.74,1042.9,56.2,0
5,21,2,1620.65,41.13,2,152.52,12.86,81.48,0.0,1045.24,67.0,0
2,16,3,4495.23,72.08,0,146.19,0.61,29.78,2.22,909.33,56.8,1
3,22,2,5640.2,45.08,1,101.19,1.89,53.01,0.0,592.78,62.2,0
3,15,1,5097.87,24.88,3,282.8,10.3,48.22,0.0,2015.31,60.0,0
1,24,2,14244.49,73.77,2,185.32,3.66,32.59,0.0,1019.52,51.3,1
3,26,4,4362.03,86.06,5,102.78,10.47,81.49,32.84,447.02,58.0,0
1,22,1,1080.1,50.06,2,374.18,6.01,127.86,0.0,2283.82,52.0,0
5,32,3,50000.0,6.24,2,168.67,2.46,74.36,17.17,1313.13,72.6,0
1,20,3,2828.53,17.66,5,286.86,3.56,65.98,0.0,1722.82,51.4,0
2,29,2,10667.92,32.32,7,512.61,0.63,43.48,0.0,3151.58,56.1,0
1,25,3,1475.28,128.87,4,370.55,5.09,23.1,3.6,2843.54,47.1,0
6,23,4,5979.96,47.98,5,481.08,5.62,46.37,0.0,2682.67,70.4,0
2,24,2,2602.85,127.32,3,366.34,7.74,16.85,0.0,2924.02,51.5,1
3,24,1,513.83,100.88,5,176.19,6.61,108.94,14.83,669.21,59.6,0
1,18,1,3919.63,34.38,2,121.57,6.15,38.82,0.0,691.16,52.9,1
3,36,3,4721.81,58.15,6,170.55,2.59,24.67,0.0,693.2,58.9,0
1,26,7,4125.29,87.61,2,178.42,1.82,25.39,0.0,939.69,46.9,1
4,25,2,5969.93,26.04,1,430.41,15.83,55.06,0.0,1658.3,62.4,1
1,21,3,3961.56,82.97,1,154.99,3.01,61.16,0.0,637.43,50.7,0
1,23,3,5194.31,76.05,8,85.69,1.76,39.1,0.0,347.38,49.1,0
1,19,5,5631.27,24.78,5,242.22,8.95,49.84,15.96,1114.23,49.2,0
2,20,3,4778.38,71.01,4,217.8,0.87,80.59,0.0,799.98,55.2,0
3,20,2,4287.16,46.18,1,125.67,11.54,43.8,18.86,885.54,60.8,0
1,30,1,2404.45,14.08,6,163.9,4.76,34.63,0.0,672.56,52.8,0
4,26,2,7907.42,32.32,1,489.52,5.09,26.51,0.0,2488.16,65.5,0
2,23,3,3919.04,31.34,5,282.11,0.1,18.17,0.0,868.96,56.6,0
2,23,5,3673.64,144.42,2,172.18,0.48,54.76,33.63,606.84,54.9,0
2,26,3,7404.44,17.96,6,125.13,4.67,44.59,5.15,936.11,55.8,0
2,30,2,5822.97,28.71,3,635.82,4.18,55.87,0.0,4568.89,56.0,0
3,28,2,2811.36,66.39,6,547.0,4.9,28.79,0.0,3940.94,57.9,0
1,21,3,13366.77,52.08,3,352.56,8.58,63.97,26.72,1782.82,51.7,0
1,30,2,1898.12,42.73,6,183.65,11.69,54.09,11.69,680.93,49.7,1
4,29,4,2153.44,42.11,5,121.17,2.19,54.67,23.73,428.86,65.9,0
5,24,3,8389.06,95.7,1,124.22,0.92,45.1,0.0,748.83,68.5,0
2,17,2,19948.48,25.26,3,182.26,2.9,21.04,3.33,1301.54,57.7,0
2,34,1,3096.66,19.2,3,154.63,1.53,72.59,8.28,1159.81,59.8,0
3,22,2,6838.04,6.0,2,208.89,5.72,94.94,0.0,928.23,62.0,0
2,21,4,1893.36,33.8,4,202.76,2.98,63.64,0.0,933.73,55.0,0
1,24,1,2337.44,14.92,2,108.93,7.04,45.31,0.0,381.72,53.4,0
1,29,1,12158.19,38.82,4,111.53,2.62,38.18,0.0,766.46,53.2,0
3,25,1,6585.4,8.59,4,173.23,8.8,90.25,69.5,758.46,68.1,0
3,29,1,12463.8,38.36,0,199.49,1.18,39.09,14.15,1078.18,65.2,0
1,30,2,11719.94,62.58,4,466.33,8.09,55.75,0.0,3564.87,48.9,0
1,23,3,923.67,48.29,2,250.5,6.5,91.61,0.0,1693.66,50.2,0
1,25,3,1887.93,78.0,3,245.02,8.95,96.25,39.44,799.68,52.1,0
3,14,2,6121.61,107.45,3,256.41,2.03,50.53,0.0,779.68,59.1,0
1,26,2,1264.37,61.37,2,404.04,5.1,55.59,0.0,2802.85,50.8,1
1,31,1,2114.46,49.2,0,1000.0,10.15,55.69,0.0,5762.5,50.4,0
4,21,3,15391.55,67.83,1,147.09,0.44,40.48,0.0,971.04,65.2,0
1,28,1,3186.72,62.95,5,608.23,2.55,61.95,0.0,2301.57,51.6,1
3,27,1,8675.33,88.15,4,77.25,1.86,45.14,12.2,568.55,61.7,0
1,19,2,4805.25,51.72,2,174.36,3.55,57.21,0.0,1197.29,52.1,1
1,30,3,2852.79,16.3,1,101.29,5.55,25.29,24.55,755.01,54.8,0
1,29,2,1298.07,103.88,1,312.26,6.97,53.52,34.71,1469.34,52.8,1
3,29,2,5923.26,9.21,3,364.62,0.29,142.91,13.0,1596.49,64.5,0
4,28,3,15735.65,82.97,3,85.82,5.1,41.21,0.0,322.56,62.6,0
4,34,1,2918.36,66.73,3,390.91,0.48,42.88,0.0,2990.64,65.9,0
2,15,2,5192.02,68.03,5,260.09,13.23,122.35,54.08,1010.24,57.1,0
3,30,2,1457.05,52.85,4,339.98,12.79,79.87,49.56,1222.75,62.1,0
1,29,4,2870.55,27.75,3,424.1,3.18,48.41,0.0,1680.88,50.9,0
2,23,2,6455.61,45.83,0,317.48,0.92,10.54,0.0,2176.95,58.0,0
4,34,3,8910.38,114.14,7,74.54,3.02,23.39,0.0,555.12,60.7,0
1,27,5,7667.6,69.6,3,163.53,0.83,59.53,0.0,1153.64,49.3,0
1,22,3,967.54,70.15,4,82.05,5.0,92.47,0.0,477.2,49.5,1
1,29,3,3409.95,116.1,4,47.06,4.52,27.17,13.68,375.08,49.4,1
1,22,2,2266.91,125.43,4,96.72,7.23,123.94,0.0,323.47,47.7,1
1,28,1,3838.27,85.66,1,171.9,1.49,37.55,0.0,1261.03,52.7,0
3,22,4,4496.47,173.78,4,582.09,2.54,38.71,25.55,2991.12,56.3,0
2,24,1,11534.31,69.27,3,206.97,2.48,52.32,0.0,1091.91,56.8,0
4,23,4,6224.13,85.45,4,261.28,2.34,20.92,20.22,950.54,64.1,0
4,35,1,15279.47,98.75,2,150.14,5.06,108.22,0.0,475.53,64.1,0
2,23,4,2808.46,121.23,5,184.9,7.08,75.0,17.37,847.42,51.8,0
2,15,2,1581.83,22.9,3,219.65,6.28,36.48,0.0,850.99,56.4,0
2,19,0,15743.68,15.03,1,178.61,7.53,47.06,3.67,967.47,59.1,0
3,24,3,6951.86,17.37,4,294.03,6.38,72.28,0.0,1098.69,59.7,0
2,21,3,2711.84,33.97,6,139.85,3.09,72.02,0.0,516.0,55.3,1
3,27,1,6976.19,101.11,1,77.64,12.07,45.22,0.0,573.38,57.6,0
2,29,4,9587.43,41.38,3,65.71,6.37,73.61,0.0,499.85,54.0,1
3,29,0,5406.48,46.1,2,348.56,0.62,28.57,0.0,2726.1,63.5,0
2,27,1,2742.9,15.05,6,28.93,9.27,62.45,32.75,185.24,59.1,0
2,23,2,3452.97,16.73,1,182.89,0.87,93.62,0.0,1253.75,59.0,1
5,22,2,6201.19,33.07,4,99.32,1.32,26.75,5.1,712.99,71.1,0
4,21,2,5762.41,26.62,2,300.38,9.06,31.43,0.0,1890.77,64.2,0
1,20,4,12962.4,86.82,5,210.84,3.66,26.79,15.22,980.67,49.5,0
4,24,2,3941.32,14.97,2,214.09,1.52,49.3,0.0,809.67,67.5,0
2,18,0,2273.31,18.59,1,225.32,1.97,43.63,9.58,943.29,61.4,0
4,25,3,38624.55,62.79,2,220.77,8.29,21.73,0.0,1589.97,66.7,0
4,25,4,5651.02,41.82,5,77.48,2.03,48.11,0.0,502.12,63.6,0
2,26,4,9579.78,39.08,2,155.67,2.4,31.98,0.0,821.8,55.7,1
1,19,3,7461.25,100.23,2,117.93,14.77,29.35,4.51,371.11,46.3,0
2,26,4,5705.92,40.0,3,132.4,4.79,41.4,29.49,573.45,57.5,1
2,23,3,4096.16,51.38,4,222.7,1.45,67.07,20.56,1479.75,57.6,0
3,30,3,521.62,33.34,2,349.86,11.54,28.07,0.0,1945.88,57.9,0
2,27,2,2099.43,46.2,4,342.83,5.54,62.16,15.7,1775.04,56.8,0
1,23,2,6395.15,88.87,4,246.04,9.84,28.87,17.43,1124.01,49.7,0
4,30,2,558.26,36.69,3,161.57,3.94,17.04,0.0,975.03,65.5,0
6,26,4,5204.58,57.5,7,213.93,5.71,23.05,0.0,1675.45,69.6,0
2,20,1,8341.38,37.1,0,318.02,10.53,37.93,22.61,2386.97,58.3,0
1,26,3,9572.24,5.72,4,131.88,8.68,30.71,0.0,415.76,50.8,0
2,25,1,7930.92,27.29,5,208.51,6.37,102.19,10.0,1126.94,57.4,0
1,19,3,10579.92,32.58,3,149.31,2.41,82.46,0.0,693.89,52.1,1
5,22,3,17756.18,51.04,0,130.57,4.36,84.46,11.31,725.08,70.5,0
1,24,3,11812.27,76.58,5,200.94,6.22,175.21,40.84,1211.9,52.5,0
3,14,1,5752.93,43.02,4,162.12,2.02,45.96,17.55,648.49,63.9,0
2,28,8,4412.97,36.12,1,249.34,2.68,141.95,0.0,1722.38,52.2,1
3,21,4,5386.82,60.68,0,163.63,7.64,100.97,0.0,879.59,58.2,1
3,21,0,3942.62,49.23,3,189.83,6.49,140.46,2.3,1511.04,61.6,0
4,23,2,12016.84,14.84,4,77.41,3.49,30.12,9.94,241.95,67.3,0
1,30,3,7767.32,127.86,4,326.44,1.82,47.74,20.08,1288.98,50.3,1
1,23,1,3623.29,38.27,1,329.95,10.77,58.09,0.0,2127.59,51.2,0
1,30,3,14175.5,49.23,2,117.8,6.6,35.59,0.0,762.84,50.4,0
5,20,2,3891.29,11.95,1,124.93,1.97,95.73,0.0,738.44,72.2,0
4,24,0,2306.26,104.42,1,229.75,14.64,95.14,0.0,1805.77,61.6,0
3,31,1,4872.71,34.23,0,152.81,7.45,55.29,25.96,775.76,64.5,0
3,23,2,2541.97,137.12,4,244.65,1.9,94.02,36.69,1244.08,61.2,0
3,30,1,10393.8,47.41,3,443.18,2.79,64.6,0.0,3347.04,61.4,0
1,24,1,2499.02,73.33,1,121.67,2.21,76.15,33.76,692.55,56.5,1
5,34,4,4481.46,36.87,5,341.03,5.07,78.3,19.49,1626.27,68.8,0
2,34,2,10422.96,15.97,5,108.09,1.89,43.89,58.36,712.82,63.4,1
2,25,2,2780.09,66.22,3,132.0,5.06,132.93,0.0,804.97,55.2,0
2,25,2,6828.87,65.71,7,230.87,6.58,62.67,0.0,1046.33,53.3,0
1,19,2,2255.82,4.23,1,292.11,1.35,53.64,41.14,1311.47,59.0,0
1,28,1,5976.0,14.45,3,435.63,3.58,51.86,0.0,2168.57,53.8,1
3,24,3,7737.22,102.84,5,520.3,3.02,67.35,29.73,1747.23,60.1,0
1,27,3,4751.8,34.42,2,173.28,4.08,46.98,43.71,1336.49,56.0,0
3,23,5,5048.37,79.87,2,207.18,1.64,39.03,30.64,811.11,61.0,0
1,23,2,7010.67,180.93,2,252.21,2.71,28.48,12.44,1001.06,48.8,1
2,30,0,3926.85,68.72,5,201.7,1.71,9.51,15.92,1257.62,58.9,0
2,23,1,10013.03,48.01,2,172.13,4.45,41.61,0.0,1139.73,57.3,0
2,18,1,14719.27,27.02,1,146.58,3.21,53.49,0.0,979.79,58.8,0
3,24,2,2343.43,60.83,3,294.41,11.03,65.51,0.0,1435.36,57.7,0
2,27,3,20204.24,65.99,3,437.53,10.57,45.45,0.0,3223.15,51.9,1
3,23,5,3855.32,52.0,1,70.9,4.57,38.0,0.0,405.55,58.4,0
2,19,2,24233.13,82.12,5,180.88,8.57,79.75,0.0,939.32,52.8,1
3,13,2,3897.41,17.49,2,72.12,4.35,59.21,0.0,508.61,62.1,0
5,26,5,8655.09,52.74,4,284.39,1.81,59.01,0.0,1199.51,66.9,0
3,25,2,8618.0,48.17,5,129.97,2.09,60.25,27.51,948.94,63.3,0
1,37,2,3605.27,30.66,4,403.83,3.09,123.47,6.64,2299.49,52.8,0
1,33,1,5208.79,64.86,5,189.49,3.51,76.68,17.29,1421.22,53.2,0
2,27,3,15551.63,15.87,4,286.56,4.13,57.31,0.0,1148.54,56.1,0
3,29,4,3798.09,25.56,4,119.9,5.45,71.56,0.0,920.85,58.9,1
1,28,5,3519.11,37.52,2,225.32,1.97,69.87,0.0,1450.92,50.4,0
2,19,1,1953.2,42.23,6,223.83,9.74,78.04,0.0,1363.5,54.3,0
3,26,1,17223.7,67.3,0,261.59,5.18,100.64,4.38,1336.83,61.8,0
2,24,5,3345.52,72.48,1,140.25,6.03,23.42,0.0,1091.35,52.6,0
4,33,3,12835.68,24.87,0,384.14,0.6,69.11,0.0,2005.04,66.9,0
1,31,2,3037.88,136.32,2,252.76,4.79,48.52,18.64,1388.32,50.3,1
1,25,5,12517.31,64.41,1,425.72,11.66,33.01,20.22,2940.66,48.2,0
3,26,3,9370.43,163.73,2,78.63,1.94,53.72,37.94,347.85,60.4,0
2,39,2,4093.9,119.52,8,226.45,4.61,21.32,0.0,1009.41,51.7,0
3,28,3,2731.43,31.33,5,185.15,4.75,94.34,0.0,1273.19,59.4,0
2,28,0,2914.86,15.8,2,526.8,3.85,59.76,0.0,1919.09,59.4,0
1,36,3,2885.23,12.22,1,298.25,3.96,53.94,55.96,2122.01,58.3,0
4,30,7,11523.53,4.97,2,203.64,0.94,26.46,17.63,1247.47,65.2,0
4,26,2,5586.92,58.17,5,287.88,6.8,31.29,0.0,1639.57,62.9,0
3,28,1,2014.05,29.25,5,158.54,2.35,103.55,0.0,657.25,62.2,1
2,35,1,4017.01,75.61,2,267.65,5.84,37.13,6.47,1855.29,56.2,0
3,27,2,4425.7,30.56,4,692.5,8.01,98.75,0.0,4864.64,58.6,0
2,22,0,887.86,24.6,1,145.65,1.82,76.99,6.87,788.66,61.0,0
1,24,3,4199.79,72.33,1,224.24,3.76,26.45,30.48,1109.05,53.8,0
5,19,4,8765.29,191.17,1,126.78,13.29,32.18,0.0,536.37,59.9,0
1,17,2,4402.37,117.63,5,112.98,5.36,81.97,0.0,765.01,48.1,0
5,17,4,6024.11,73.21,2,343.06,4.08,59.74,56.36,2126.05,72.3,0
2,27,3,7241.69,109.72,4,95.78,2.81,66.3,0.0,386.31,53.2,0
1,19,3,3736.55,67.78,4,265.23,4.06,88.86,39.21,1849.31,53.5,0
2,42,2,8818.47,4.25,5,331.15,0.94,36.03,0.0,2454.16,57.8,0
4,21,5,15771.94,83.06,4,162.67,5.1,37.47,0.0,536.18,60.4,0
3,34,3,1452.31,71.46,3,417.36,4.87,60.01,38.96,2863.93,62.0,0
4,14,0,3729.84,95.01,3,396.82,2.04,37.39,0.0,2882.5,65.2,0
3,26,2,31688.02,29.07,3,162.12,1.01,46.8,0.0,1290.04,62.2,0
3,22,2,5633.31,105.24,5,85.78,2.63,33.77,0.0,359.25,58.4,1
4,26,3,4779.63,17.23,4,277.13,1.83,45.83,16.03,1345.49,67.2,0
1,21,3,3998.07,55.03,3,199.91,4.84,47.43,11.49,1565.47,51.4,0
2,23,3,13623.45,48.75,2,232.21,0.48,63.98,0.0,805.78,56.8,0
1,14,4,2318.8,2.42,4,275.42,0.78,127.71,44.78,1547.46,56.8,1
6,21,1,10310.72,31.99,5,75.25,7.76,51.75,0.0,416.42,73.5,0
5,17,3,3938.67,70.73,1,156.51,3.06,69.82,0.0,944.2,68.7,0
1,22,2,2697.62,32.71,5,496.41,5.65,36.18,28.59,2310.29,53.7,0
3,16,2,4085.17,128.14,5,236.4,1.35,46.71,46.77,1803.64,62.3,0
5,29,3,4735.75,58.36,2,286.16,9.09,55.1,0.0,1244.88,66.7,0
1,25,2,3300.42,40.05,2,224.66,5.9,16.72,0.0,1403.77,51.7,0
3,22,1,11970.71,105.63,2,281.32,4.14,119.91,0.0,1541.52,59.5,0
5,25,4,2714.42,35.19,2,392.15,4.69,86.15,30.71,1699.32,71.1,0
1,26,3,5497.56,18.69,4,49.54,1.61,93.78,0.0,195.39,52.7,1
3,29,2,7554.86,74.73,3,318.9,2.65,49.59,0.0,2481.92,59.7,0
2,19,1,5452.22,15.56,1,201.62,6.17,102.01,0.0,1170.68,58.2,0
5,23,2,9115.98,33.23,5,350.27,2.62,47.22,0.0,2108.96,69.5,0
6,28,0,3474.3,50.94,2,166.22,0.6,127.71,36.97,1149.34,80.6,0
5,28,3,8087.72,39.67,3,162.15,3.96,48.77,0.0,552.29,69.0,0
2,27,2,8281.53,290.21,0,93.22,2.81,47.37,0.0,612.34,48.6,0
4,22,1,10662.58,68.3,1,204.82,5.74,34.41,0.0,783.6,65.3,0
4,24,2,1087.32,45.27,3,89.08,5.12,62.15,0.0,597.08,64.8,0
2,28,0,7385.23,29.8,2,194.16,1.5,72.22,0.0,719.67,59.9,1
4,28,5,10107.33,64.03,2,232.04,4.87,39.88,0.0,1661.95,61.6,0
1,23,3,3536.29,108.69,3,133.35,6.0,59.81,0.0,854.09,48.0,0
3,29,3,3170.81,10.4,2,69.18,8.57,58.15,21.39,341.04,62.2,0
1,28,0,2804.27,62.81,3,57.11,7.95,94.23,8.6,273.81,52.8,0
1,27,4,2152.52,43.23,5,109.49,7.28,75.76,0.0,410.0,48.6,0
1,31,6,8371.66,86.07,3,54.01,8.8,38.9,0.0,406.16,45.3,0
3,24,2,30501.23,51.42,5,228.35,9.7,34.81,0.0,820.37,58.0,0
2,24,3,3150.08,69.99,4,703.2,4.5,72.39,0.0,3769.41,53.3,0
3,22,2,3383.82,170.81,4,92.05,5.46,41.49,33.82,385.01,58.7,0
1,31,3,4975.68,88.06,4,798.28,1.69,79.31,11.75,6371.56,49.7,1
2,35,2,1364.33,39.47,2,223.26,1.03,126.85,1.69,1323.77,57.9,0
2,30,1,2817.38,21.21,2,251.1,5.72,88.85,0.0,941.1,57.9,1
4,29,3,4695.82,43.32,5,72.38,5.78,37.69,9.88,458.76,64.2,0
2,30,2,2403.92,21.51,5,234.51,5.25,42.82,0.0,1866.27,55.9,1
3,22,1,12809.64,54.9,1,150.43,8.68,76.14,14.13,906.38,61.8,0
4,29,1,1745.76,55.02,3,478.81,0.44,111.91,0.0,2531.4,66.5,0
3,31,1,10105.19,12.83,8,57.16,5.91,56.6,0.0,255.3,60.7,0
1,22,3,15911.57,53.78,3,152.13,1.39,37.19,0.0,526.48,51.7,0
1,26,1,6670.03,137.7,6,122.4,6.34,3.72,0.0,506.88,52.1,0
4,28,1,4402.99,52.33,1,257.23,0.55,119.89,39.87,1483.75,71.4,0
1,24,3,5985.08,36.13,3,34.58,5.03,46.89,32.13,234.08,54.4,0
4,29,2,3454.9,83.31,2,470.46,13.54,53.79,27.43,3476.55,63.0,0
2,28,1,964.05,44.06,1,251.3,3.2,67.83,28.98,1751.22,60.9,0
5,27,1,2245.31,46.85,2,241.17,1.65,41.33,0.0,874.81,71.5,0
4,20,3,4871.01,105.64,3,95.22,9.01,37.76,0.0,653.91,60.4,0
6,18,3,2315.66,22.87,4,328.8,7.28,26.27,0.0,1942.58,72.2,0
2,31,2,3531.58,93.75,2,309.81,2.94,27.43,22.64,1656.12,57.3,0
4,29,4,7210.86,12.15,2,412.44,4.75,28.97,0.0,2418.46,64.3,0
2,25,1,5519.37,183.75,3,173.74,5.44,47.64,0.0,528.22,51.7,0
2,22,1,11461.85,23.48,5,68.7,6.4,48.94,0.0,229.37,56.8,0
3,21,2,6218.81,53.15,3,137.04,8.21,113.3,40.82,771.42,63.2,0
4,27,1,6518.35,123.31,3,357.72,5.36,40.03,28.31,1383.71,65.4,0
6,26,1,2779.9,12.48,2,152.89,3.84,27.87,0.0,875.73,76.5,0
4,22,3,1694.45,32.79,1,590.28,3.11,88.89,36.61,2816.27,68.9,0
2,39,5,3532.15,88.67,3,333.39,12.49,70.27,0.0,2512.8,48.8,0
2,32,1,2746.97,8.13,4,544.87,4.31,37.13,0.0,4221.85,57.4,0
3,26,3,4300.93,71.19,2,158.3,5.69,48.76,35.03,1250.39,62.1,0
1,16,4,2094.71,63.8,1,270.74,7.92,19.39,0.0,2029.12,48.5,1
1,26,2,9643.03,6.94,5,110.11,3.53,121.91,0.0,873.1,52.9,0
2,33,0,2738.87,5.76,2,343.68,6.52,168.17,15.9,2244.47,60.4,0
2,19,3,3673.81,4.96,2,282.71,4.97,103.12,4.64,2205.88,57.1,0
2,22,2,4836.02,61.6,5,322.6,13.3,47.76,24.05,2003.01,54.1,1
1,30,4,12070.76,26.69,1,167.45,1.37,129.46,0.0,1179.89,52.3,0
1,22,3,20069.45,11.22,3,228.83,0.77,52.03,0.0,837.42,53.4,0
1,21,4,21204.18,98.43,6,221.66,4.11,55.49,0.0,1421.52,47.0,0
6,27,4,1762.63,129.82,4,167.96,4.19,21.69,39.88,1285.86,72.5,0
2,26,2,3646.37,124.44,6,237.08,0.27,52.52,0.0,1351.41,53.5,1
2,29,2,3131.57,53.35,0,261.96,4.16,54.61,0.0,1030.58,57.0,0
3,27,1,6609.39,6.07,3,290.4,9.38,52.09,0.0,1636.25,61.1,0
1,23,5,6294.47,10.73,5,165.41,2.46,156.58,26.78,1080.91,53.0,1
5,33,0,3082.82,17.28,3,333.08,3.94,101.26,0.0,2281.28,72.1,0
4,17,4,2894.16,28.13,4,320.66,2.06,76.36,0.0,1801.63,64.1,1
1,18,3,2212.89,122.12,1,293.66,2.93,47.74,0.0,1200.16,49.1,1
2,28,2,587.97,65.17,7,348.04,1.16,40.8,0.0,2656.73,54.8,0
4,21,2,1739.7,51.0,2,190.27,3.9,60.86,0.0,1306.79,65.2,0
5,26,2,9832.22,55.36,4,99.97,3.74,96.35,0.0,435.22,69.0,1
2,37,5,15863.3,94.54,4,321.41,2.04,77.01,29.8,2268.85,54.8,0
3,25,1,14447.64,90.38,1,147.77,0.53,39.55,0.0,700.34,61.8,0
1,26,3,10171.93,50.49,3,71.39,1.95,80.3,0.0,325.67,51.7,0
6,27,1,2187.35,108.24,3,150.37,6.83,22.89,0.0,1100.02,71.5,1
1,21,1,1910.31,33.31,6,233.98,2.44,90.43,66.54,1723.53,59.3,0
5,22,6,1154.22,86.66,4,449.68,4.09,43.19,0.0,2244.98,63.7,0
3,24,7,3082.33,106.19,3,263.31,1.77,24.3,19.95,801.67,56.7,0
3,26,1,5269.47,93.96,3,346.86,1.43,32.74,24.47,1364.13,63.0,0
2,22,4,2194.64,20.52,3,317.37,1.92,78.39,0.0,2394.99,55.8,1
1,23,0,6938.71,41.76,3,255.93,5.35,47.27,0.0,1917.84,53.2,0
1,28,2,8279.07,7.6,4,181.17,3.03,78.27,21.45,954.16,55.5,0
1,18,2,3362.39,14.34,3,109.85,7.5,30.2,24.32,496.57,54.5,0
1,18,2,1682.42,39.63,1,631.09,1.22,56.97,41.9,2848.6,57.5,0
4,28,1,14834.95,52.55,4,152.98,5.96,54.64,7.58,1145.23,65.5,0
2,25,3,5054.9,64.97,5,179.02,7.28,40.63,0.0,827.74,53.0,0
1,27,3,23224.54,14.04,5,198.51,5.96,57.62,60.23,1103.29,56.9,0
5,24,4,5291.74,44.26,3,150.5,2.71,42.19,0.0,1001.61,68.2,0
4,31,4,5595.79,97.17,3,285.43,1.99,84.5,0.0,1155.25,62.0,0
5,18,1,2271.97,59.64,5,152.16,7.14,54.98,47.58,649.6,73.0,0
6,26,2,3502.27,73.68,3,176.56,2.91,28.96,0.0,845.79,73.3,0
1,17,4,1412.28,52.58,2,144.94,3.51,85.87,0.0,908.93,50.4,1
2,17,2,1677.57,26.07,3,174.23,2.82,55.26,0.0,1234.84,57.4,1
4,26,5,8892.22,18.96,1,96.82,7.73,33.38,0.0,555.15,62.9,0
3,27,1,3920.34,41.72,4,82.05,7.68,94.82,31.09,300.69,63.5,1
1,28,1,3504.75,80.23,5,504.05,0.91,44.62,0.0,2636.81,51.5,1
4,22,2,2718.02,22.5,3,347.93,7.07,33.64,26.24,1265.93,67.5,0
1,26,4,3610.43,32.46,3,460.02,0.51,36.5,0.0,1583.16,51.6,0
1,23,2,12166.61,50.28,1,483.34,4.04,35.78,0.0,2874.92,51.9,0
2,24,5,5515.83,146.46,2,119.24,5.88,42.97,0.0,927.78,49.5,1
3,28,1,1912.16,62.8,2,448.79,3.3,82.1,0.0,3225.92,61.0,0
3,23,2,11207.16,61.42,6,382.64,0.25,63.53,0.0,2629.63,60.0,0
1,15,2,19536.33,36.88,5,173.33,9.83,90.37,15.01,1150.11,51.1,0
4,28,6,7300.98,150.23,4,261.79,7.51,56.47,0.0,1959.69,55.8,0
2,28,3,10026.95,53.7,6,341.19,4.47,34.22,0.0,2307.89,53.6,0
1,29,2,13051.08,99.93,4,300.29,5.52,14.41,0.0,1842.07,48.8,0
4,24,0,1305.99,19.01,1,199.43,6.87,65.58,0.0,961.91,67.6,0
5,21,1,21838.21,45.47,6,236.05,1.44,70.83,0.0,827.27,70.3,0
4,23,2,11837.78,266.78,2,279.74,1.5,44.59,54.25,1484.05,63.3,0
4,22,3,7266.89,54.78,2,170.09,3.6,25.7,0.0,1296.75,64.3,0
3,19,2,4445.43,35.68,3,297.56,16.27,40.8,0.0,1760.23,56.8,0
3,23,1,1686.15,102.59,5,137.14,4.86,78.46,25.5,537.94,61.2,0
1,18,4,3770.18,38.73,3,456.92,4.23,12.55,0.0,2853.51,49.8,0
2,24,3,7035.45,40.88,3,372.66,5.4,111.35,0.0,1985.25,54.9,0
2,27,3,2031.47,8.43,1,345.19,5.24,106.02,32.37,2643.1,59.9,0
2,27,2,4648.05,4.56,2,268.83,0.47,27.81,32.23,1022.83,62.6,0
3,19,1,1906.77,67.43,3,246.04,0.78,77.26,0.0,1614.07,61.7,0
2,26,5,3613.03,33.01,1,380.63,6.79,55.48,15.37,2439.1,55.0,0
1,23,0,1665.53,76.93,1,103.43,7.66,79.34,0.0,818.93,52.0,0
1,18,4,1531.16,63.97,4,126.77,3.91,15.07,27.17,738.4,51.9,1
3,19,1,6451.52,52.77,2,301.73,3.54,36.6,41.01,2220.08,65.6,0
1,20,5,3090.83,41.11,4,210.55,0.75,37.03,0.0,657.66,50.2,1
4,26,2,3332.13,23.97,4,150.89,2.02,39.8,0.0,545.38,66.4,0
2,32,3,2960.89,22.16,1,396.92,6.24,50.94,0.0,1877.33,56.0,0
2,23,5,43412.14,11.97,3,232.23,3.54,67.87,0.0,1415.81,54.9,0
3,26,1,7989.58,48.65,3,261.35,7.18,46.51,0.0,1370.89,60.3,0
4,26,3,8706.24,146.64,1,402.44,5.79,74.28,25.18,1615.18,62.9,0
2,23,1,2642.99,193.23,3,197.63,4.85,113.54,0.0,1175.14,51.3,1
3,19,3,7359.89,23.19,2,595.26,1.6,29.07,0.0,3472.46,61.2,0
3,24,0,4096.23,92.17,5,109.65,3.86,64.8,32.27,616.48,63.5,1
2,29,4,2626.06,121.34,5,395.56,3.63,75.73,13.34,1365.79,52.4,0
4,30,1,23000.54,29.03,6,156.76,3.32,47.8,0.0,1196.86,65.8,1
4,25,3,7771.61,83.08,3,360.69,2.75,54.99,24.44,2150.17,65.4,1
3,30,2,7464.18,108.78,2,138.62,4.08,49.02,36.0,598.84,62.3,0
4,40,2,2258.85,11.77,1,81.41,10.5,62.95,0.0,524.02,65.0,0
4,28,5,1779.05,69.6,2,363.35,3.03,53.15,0.0,1667.62,62.0,1
3,24,7,4693.62,19.23,1,173.94,16.19,72.1,13.55,961.79,55.2,0
4,26,5,3106.3,71.72,3,83.7,7.25,41.19,19.3,393.85,62.4,0
3,28,4,8023.36,49.91,4,373.05,1.79,62.46,0.0,2761.29,58.7,0
3,17,4,8462.57,9.2,4,245.07,1.88,34.93,0.0,1953.18,60.4,0
3,22,2,5179.18,27.11,1,173.58,11.05,90.04,21.42,660.62,61.9,0
4,24,4,9529.72,24.29,1,269.33,0.69,111.62,15.57,839.75,67.5,0
1,23,3,5736.72,105.84,5,196.75,2.55,40.01,30.96,805.99,51.7,1
4,26,1,2447.07,46.44,3,182.69,2.78,190.31,15.36,1086.94,67.9,0
4,23,2,4193.87,22.4,0,339.01,4.4,133.41,40.77,1311.88,70.8,0
1,24,6,5478.5,77.63,8,246.71,6.26,64.19,46.6,1741.15,49.2,1
4,26,4,10333.44,39.46,2,133.11,1.85,39.05,20.53,671.31,66.7,0
1,30,1,5883.82,58.18,5,214.19,2.98,78.03,29.22,1296.42,54.9,0
2,30,2,3111.44,43.54,3,336.16,5.26,97.1,0.0,1774.26,55.8,0
3,30,0,10645.97,188.8,2,107.02,5.45,85.05,25.93,804.47,59.6,0
1,24,1,6664.86,57.79,7,417.0,8.15,90.21,0.0,1324.27,49.6,0
4,26,3,16924.86,84.22,0,241.62,0.82,85.76,0.0,1605.95,64.7,0
4,20,2,5270.19,105.51,3,230.76,6.99,43.98,0.0,1444.76,61.8,0
2,26,4,2143.38,46.83,4,237.64,3.0,78.28,0.0,1484.66,54.3,0
1,15,3,12601.66,123.16,4,517.72,5.78,92.13,0.0,2624.83,46.8,1
2,29,3,3098.17,92.79,4,215.03,1.7,49.37,21.45,661.95,56.3,0
3,21,6,6225.07,5.42,8,174.98,6.92,42.89,22.87,1127.97,58.2,0
6,16,2,5702.01,25.88,4,199.04,1.35,24.05,26.41,1422.64,77.7,0
3,19,6,5097.49,47.4,2,363.26,6.2,36.31,9.15,1244.58,57.5,0
2,20,1,4290.44,51.77,1,308.84,6.36,61.33,0.0,1608.47,56.7,0
3,14,4,1310.66,29.65,2,217.01,2.78,84.8,0.0,827.45,60.3,0
2,25,1,2204.63,68.06,0,661.88,13.3,83.84,0.0,4007.48,53.5,1
4,23,4,12060.68,38.56,4,294.65,6.96,30.65,0.0,2041.37,62.0,0
1,19,4,6926.02,48.43,3,122.21,2.1,33.84,44.89,774.03,55.2,0
4,15,4,22639.19,37.24,1,51.05,4.61,135.35,0.0,234.32,64.3,0
2,26,1,2142.73,41.42,3,311.17,2.26,43.96,0.0,1150.9,57.9,0
5,32,4,4795.7,20.31,6,182.59,5.28,82.79,0.0,1272.92,67.2,0
2,38,4,12463.44,63.87,4,79.46,6.04,81.24,0.0,367.07,53.0,0
3,17,1,3125.47,74.71,1,203.28,1.94,13.7,0.0,632.35,62.0,0
5,20,2,3333.26,14.14,1,323.19,0.77,24.04,17.92,1892.98,74.0,0
1,27,2,3886.75,30.28,3,194.46,0.3,69.07,0.0,823.21,53.8,0
5,22,2,3441.7,51.17,3,210.8,9.08,65.25,0.0,1519.02,67.5,0
3,19,4,7520.88,142.34,7,47.51,5.26,78.62,0.0,176.56,53.7,0
1,18,0,1183.03,20.02,5,311.53,4.1,32.22,41.21,1611.85,57.9,0
2,21,2,18291.3,38.34,7,67.48,3.4,34.22,0.0,287.85,55.6,0
3,36,2,2280.77,33.32,3,149.97,1.99,41.22,0.0,967.01,61.8,0
1,23,3,903.49,61.15,2,254.16,0.71,23.98,0.0,1459.55,51.7,0
3,16,2,4874.67,19.82,4,131.27,11.07,50.19,27.1,912.99,61.7,0
2,28,0,3633.96,28.71,2,148.55,1.57,26.65,40.44,786.31,64.0,0
3,24,3,4262.52,185.33,6,247.43,6.24,35.46,0.0,748.25,52.9,1
1,24,5,6311.07,6.31,3,259.06,3.25,70.96,72.76,1055.93,58.2,0
4,22,4,8232.73,46.75,1,220.92,3.08,55.93,0.0,1766.4,64.0,0
6,26,4,18945.49,48.74,2,43.87,2.0,58.16,0.0,220.53,73.2,0
5,22,3,2829.59,34.33,6,56.77,3.91,43.21,0.0,346.37,68.2,0
3,21,2,9131.02,104.4,4,363.11,2.43,93.54,0.0,2732.26,58.3,0
1,20,2,8665.88,57.22,3,171.28,1.39,45.24,24.45,531.43,54.9,1
4,28,2,594.29,151.53,4,724.84,2.18,153.09,28.09,4565.08,63.3,0
1,25,2,2523.61,8.98,3,248.16,3.72,30.55,0.0,1102.28,53.3,0
1,16,4,1755.34,67.82,4,589.02,0.79,26.9,0.0,2589.45,49.6,0
2,23,3,7032.62,60.36,2,192.71,0.26,48.26,0.0,794.77,56.5,0
2,21,3,6439.85,72.45,7,158.4,0.47,60.87,16.49,1126.81,55.9,0
4,24,5,6544.25,98.22,3,313.79,4.22,28.71,14.56,1526.52,61.7,0
3,20,3,3848.84,125.45,4,404.48,0.23,35.09,44.81,1349.19,62.1,0
2,22,5,4172.18,170.08,6,193.33,0.37,64.88,11.73,673.6,50.4,1
2,24,5,4803.67,15.97,4,308.0,5.46,64.38,0.0,1152.85,53.9,0
6,31,2,3565.68,68.81,2,67.75,2.01,51.04,18.34,507.79,76.0,0
2,28,0,9152.17,108.73,6,122.1,4.01,58.3,0.0,627.27,54.8,0
2,24,4,2088.64,46.18,2,274.43,7.16,35.54,33.78,2080.25,56.9,0
1,23,3,2629.5,21.64,3,172.02,2.02,26.71,0.0,1219.15,52.5,0
4,28,2,5415.69,22.04,2,253.79,8.63,53.89,53.4,1824.63,69.9,0
3,18,4,3661.6,27.54,4,277.01,6.73,41.43,0.0,1228.3,58.3,0
1,20,0,2024.29,64.49,6,305.22,6.56,123.27,0.0,1329.72,51.1,1
1,28,1,7521.65,28.89,2,358.71,1.99,52.88,29.65,2080.63,57.1,0
3,24,2,3109.35,50.78,2,363.56,6.8,19.02,32.34,1850.37,62.9,0
3,26,2,2500.44,11.79,6,105.3,8.05,73.9,4.76,583.93,60.2,0
2,19,2,4274.82,11.74,2,195.69,2.53,51.15,19.97,639.12,60.5,0
5,26,4,2405.23,77.79,1,191.98,6.35,47.84,0.0,1508.59,66.3,0
1,20,5,4782.2,2.05,6,208.08,5.51,47.08,30.2,684.77,52.4,0
2,29,0,3685.79,130.79,4,182.06,1.35,62.34,5.44,708.98,56.1,0
5,21,0,3261.48,65.0,4,216.22,5.14,39.78,0.0,1381.84,69.8,1
2,26,2,3277.82,14.44,2,145.62,5.88,77.38,28.65,550.08,60.2,0
3,29,3,10899.72,62.24,1,345.69,1.46,77.66,14.06,1221.8,62.0,0
2,25,1,6603.62,34.2,4,277.26,4.0,62.17,6.58,1044.75,57.9,1
2,21,2,1252.18,21.05,5,144.68,1.37,73.91,0.0,478.83,57.6,0
6,26,1,9960.56,112.4,5,218.71,4.95,120.78,36.52,930.95,75.0,0
2,22,2,7429.74,73.05,2,556.73,10.44,27.08,0.0,2424.9,53.1,0
4,25,1,7086.96,29.75,2,109.25,5.69,77.6,19.14,600.1,68.4,0
1,29,3,9999.88,25.15,3,124.8,4.6,107.99,0.0,648.14,51.7,0
1,19,6,4974.22,157.39,7,354.59,0.61,38.76,6.99,1903.65,44.4,0
1,17,4,8071.28,66.27,3,491.12,2.31,18.24,40.41,2986.09,53.4,1
3,26,2,3389.45,51.61,5,259.8,4.4,74.76,0.0,1079.43,59.7,1
2,25,2,9682.39,24.9,4,226.9,2.74,32.49,19.4,833.53,59.2,0
4,20,0,5851.72,24.47,2,96.09,2.37,64.93,0.0,710.53,68.6,0
2,31,2,1633.42,186.38,0,163.25,8.62,58.12,0.0,1007.22,50.5,0
5,32,2,11261.08,80.64,4,158.01,5.57,108.96,0.0,521.95,67.5,0
1,30,0,4433.2,47.97,0,164.25,0.88,120.4,0.0,1282.0,55.6,0
4,26,3,3965.95,13.18,1,134.4,9.19,124.21,17.02,868.91,66.1,0
4,21,2,3449.09,32.42,1,91.99,3.33,50.1,0.0,345.75,66.7,0
4,21,2,3657.4,65.98,6,315.59,0.99,38.32,53.92,2476.0,69.4,0
4,26,3,5905.91,108.61,2,269.14,2.4,43.56,0.0,1299.13,62.6,0
4,24,1,2230.4,54.52,7,92.2,0.44,47.18,26.89,730.45,68.3,1
3,16,7,1401.24,107.5,4,220.4,0.98,32.28,16.49,775.01,56.3,0
1,19,3,2097.35,54.92,6,177.71,3.91,59.61,0.0,675.26,49.8,0
1,20,5,6669.99,101.24,5,523.96,5.89,54.8,44.0,3294.19,49.6,0
5,23,1,4317.58,40.51,1,425.76,4.39,47.99,0.0,1324.41,71.1,0
3,28,4,11974.74,101.4,4,522.18,0.72,43.92,33.42,1615.33,60.8,1
4,34,1,4666.06,33.87,3,161.75,4.58,34.98,0.0,1125.79,66.2,1
2,24,2,9643.22,83.52,5,61.46,3.33,71.69,0.0,235.94,54.6,0
1,27,1,2823.54,58.46,1,103.05,1.86,51.63,23.22,782.56,56.1,0
1,28,3,3469.92,4.1,3,163.63,3.06,21.21,46.89,839.33,57.6,0
3,32,3,4952.36,26.36,5,185.67,3.02,139.79,0.0,1368.09,60.1,1
2,21,4,4369.56,231.89,3,528.74,4.73,73.65,37.78,2690.66,50.6,1
1,21,2,4055.01,72.68,0,344.55,1.56,75.43,0.0,1947.1,52.5,1
2,19,2,2446.24,32.48,2,269.4,8.88,84.32,35.4,1234.56,59.0,0
1,25,3,1382.36,12.87,2,429.31,2.31,69.87,0.0,2700.5,52.7,0
3,21,3,8142.18,53.13,3,296.31,3.89,106.84,14.05,1360.34,60.9,0
2,29,3,7445.82,71.86,4,333.02,5.79,57.17,0.0,1370.64,53.4,0
4,24,2,3007.62,32.17,4,177.76,5.56,55.87,0.0,605.32,64.9,0
2,35,2,6654.89,61.16,3,79.23,5.7,27.0,27.92,260.52,58.1,0
2,29,4,4302.03,113.08,0,68.13,2.58,110.7,0.0,308.62,53.6,1
1,23,2,11907.66,22.62,2,68.94,12.89,35.2,0.0,460.71,50.3,0
1,28,2,1720.19,30.94,2,313.22,6.22,98.24,0.0,1261.67,52.0,0
2,26,2,4440.93,9.98,9,128.13,4.08,71.0,0.0,576.08,55.7,1
2,25,1,4166.21,116.74,3,178.55,13.79,81.18,0.0,1343.78,51.2,0
3,24,0,5590.88,36.52,5,86.49,1.38,68.66,0.0,535.87,63.2,0
2,29,2,16809.68,147.29,3,398.1,10.65,74.91,0.0,3025.01,49.8,1
3,24,5,4451.63,3.08,4,213.83,3.81,98.7,22.21,1615.7,61.4,0
4,20,4,8906.22,63.7,2,246.86,4.01,62.83,13.91,818.84,64.4,0
4,33,3,4366.63,76.41,0,261.36,2.12,153.98,14.49,2032.09,65.9,1
1,31,5,11576.48,72.77,1,280.21,3.57,59.04,28.46,912.33,51.9,0
2,37,0,8975.72,91.8,0,409.96,1.13,139.4,0.0,3127.23,57.8,0
1,22,0,3764.42,58.55,2,319.48,8.59,31.61,0.0,1831.77,51.8,0
1,25,3,3553.75,56.01,5,112.92,1.69,37.87,42.1,639.78,55.0,0
6,21,0,7255.89,10.74,3,124.08,1.75,36.64,26.04,814.75,80.4,0
1,22,1,2909.32,45.46,3,823.48,8.83,86.67,0.0,6090.53,49.9,0
2,31,1,5724.47,57.1,2,369.02,5.78,61.56,0.0,2245.5,56.2,0
3,19,3,3697.32,27.06,1,670.9,1.23,65.53,23.09,3439.73,63.8,0
3,35,3,6597.74,23.75,3,186.53,3.94,87.11,32.48,663.96,64.0,0
3,22,2,4320.76,72.01,2,490.08,0.44,76.93,12.81,3404.08,61.9,0
1,27,2,2824.07,85.55,2,285.6,6.88,82.27,0.0,1040.0,49.8,0
2,18,2,11899.43,25.28,3,256.04,3.26,39.13,43.33,1697.98,61.5,0
2,19,0,5952.97,41.21,1,219.16,15.24,87.88,35.51,1235.98,58.7,0
1,22,2,4708.53,64.7,0,341.55,3.83,34.2,21.27,1683.56,54.2,1
2,36,4,6877.37,27.53,3,293.06,6.57,37.47,24.21,1777.41,56.6,0
1,31,4,1290.84,49.28,3,193.11,3.29,66.28,6.49,1325.1,50.8,1
1,28,5,26164.21,59.86,5,149.18,5.78,29.5,21.44,1149.51,49.5,0
2,28,1,5012.8,165.19,2,196.77,3.53,93.42,0.0,850.74,53.3,1
1,32,3,1021.94,41.72,3,215.49,8.34,70.65,0.0,1666.94,49.5,0
3,25,2,12806.08,8.47,3,168.51,5.94,36.01,17.09,1315.16,63.1,0
3,23,1,2694.29,11.44,2,121.17,4.25,59.65,0.0,856.43,63.2,1
4,31,1,11327.3,27.4,6,224.37,3.74,115.95,29.05,1661.92,68.5,0
1,20,2,5416.76,37.36,5,273.37,0.66,52.62,31.09,1766.53,55.6,0
1,25,1,1399.22,108.41,3,252.84,8.71,39.45,67.01,807.96,55.6,0
1,24,1,6057.24,43.53,1,101.9,4.75,34.22,42.37,598.73,57.6,1
3,30,2,5711.1,73.07,3,520.66,4.66,113.6,0.0,3507.15,58.8,0
3,28,1,12350.07,127.45,4,592.54,0.23,55.29,0.0,4567.57,58.6,0
1,23,4,7463.14,83.29,2,310.07,5.96,69.86,15.23,1814.59,49.7,1
5,28,1,1823.42,38.1,2,346.28,6.16,54.61,0.0,2413.93,69.9,0
1,24,1,10957.89,45.71,3,247.82,6.99,76.01,20.48,1617.1,53.7,0
2,28,3,3528.92,49.57,2,264.82,1.28,49.97,0.0,1166.26,56.5,0
3,21,3,19461.87,133.21,1,65.3,1.5,66.2,9.93,246.4,59.2,0
4,35,1,3700.33,101.92,1,203.82,6.01,112.68,0.0,1376.71,63.8,0
3,29,2,4150.43,97.85,3,205.64,9.92,45.73,0.0,857.28,56.8,0
4,19,3,2546.47,69.21,3,582.12,0.3,56.19,21.76,2458.57,66.4,0
2,23,2,3298.17,58.82,3,180.33,1.71,66.79,19.66,1121.58,58.5,0
4,23,3,2669.5,43.85,0,515.74,2.68,93.07,0.0,3581.98,65.1,0
1,24,3,12596.31,16.53,4,218.9,7.69,25.84,0.0,1294.07,50.5,1
4,25,3,1693.91,81.89,3,164.77,6.27,97.96,59.34,1223.41,68.0,0
2,21,2,9354.98,31.7,5,68.29,4.37,55.98,0.0,277.08,56.2,0
4,27,5,9536.94,90.81,8,262.35,8.29,99.86,26.78,1118.14,60.3,0
2,24,3,14794.9,6.45,3,132.38,6.89,97.71,0.0,818.77,56.0,0
3,30,4,5089.88,19.79,2,74.9,1.97,107.27,0.0,535.33,61.0,0
2,30,1,2161.69,99.59,5,308.88,3.51,79.45,0.0,1759.62,54.5,0
3,24,0,4283.79,133.62,3,268.43,8.71,119.56,0.0,819.21,57.7,1
1,21,3,7909.02,90.29,0,282.12,3.9,75.85,0.0,1801.24,50.2,1
1,25,2,5259.46,22.63,4,217.75,4.44,104.23,66.28,1539.06,58.8,0
1,24,2,6590.48,105.14,1,140.64,10.0,34.29,0.0,616.36,48.4,0
1,23,1,14650.49,24.14,1,110.59,2.92,36.32,0.0,361.75,54.8,0
4,20,5,7829.1,105.96,2,479.75,2.49,58.22,0.0,2681.68,60.6,0
1,20,3,5760.35,18.24,1,323.63,2.58,35.72,6.78,1039.1,53.8,0
6,33,1,1123.84,35.1,3,371.95,0.2,93.99,16.62,1889.54,77.9,0
2,29,6,2625.22,2.26,5,198.12,6.19,63.06,8.07,612.02,53.8,0
1,18,2,3555.53,19.59,4,129.59,1.83,30.31,0.0,534.54,53.4,1
4,24,0,1010.61,81.33,3,120.69,0.78,74.58,41.52,596.68,70.9,0
3,25,5,2023.5,175.12,3,227.1,4.55,43.79,60.11,808.15,59.0,0
2,23,0,3964.91,110.72,4,133.16,2.74,57.97,0.0,475.49,55.9,1
3,28,2,4516.2,87.93,3,60.29,3.22,85.75,0.0,430.18,59.5,0
3,21,3,7366.13,11.57,3,299.94,0.64,56.44,18.35,961.94,64.0,0
1,20,2,4170.39,35.58,2,371.88,6.17,31.48,0.0,2396.69,51.5,0
6,23,2,5993.51,149.48,3,153.97,0.49,46.35,0.0,1088.93,71.2,0
6,23,7,3518.42,52.01,4,72.78,12.34,41.23,0.0,265.9,66.2,0
3,28,2,5082.76,15.92,2,239.25,1.96,61.0,0.0,951.48,62.8,1
1,29,5,7049.97,35.43,8,196.66,11.24,53.71,0.0,1220.75,45.5,0
3,31,3,15964.2,4.97,2,171.56,2.5,51.37,36.4,785.45,65.9,0
1,28,3,3256.1,94.61,1,278.84,5.29,105.85,52.47,1500.75,54.5,0
1,21,2,5515.65,12.98,8,232.01,0.34,35.94,30.95,1665.83,55.6,0
2,22,2,9850.74,50.15,2,272.68,12.82,104.31,0.0,1006.18,53.5,1
2,21,2,1553.59,15.4,3,225.76,0.88,20.71,21.67,1376.77,60.6,0
4,16,5,24300.71,57.41,1,132.95,4.35,64.26,3.99,1025.34,62.9,0
3,26,2,12622.35,90.95,3,126.76,9.85,74.46,0.0,416.71,57.2,1
3,24,5,1249.89,31.95,6,217.97,4.47,45.2,9.03,719.3,58.3,0
2,25,5,6615.07,123.82,3,356.84,6.41,68.89,10.63,2060.28,50.7,0
2,18,2,3128.9,84.33,2,229.13,10.95,24.15,0.0,1787.28,52.7,0
2,15,3,3576.43,74.32,2,143.29,8.52,60.98,0.0,587.83,53.3,0
6,22,4,6505.49,121.08,2,238.64,10.23,51.19,0.0,1110.61,67.5,1
1,19,3,11388.05,58.19,4,244.32,3.83,45.58,31.71,853.48,53.5,0
4,18,2,3385.65,37.46,3,133.82,1.7,44.96,0.0,643.84,66.3,0
3,18,6,3422.21,67.29,1,587.76,2.21,54.38,0.0,1893.57,57.3,1
2,33,1,6619.22,16.36,5,346.59,3.06,74.42,0.0,1714.07,57.8,0
3,30,3,7766.42,97.26,2,198.68,7.01,31.8,27.83,1147.88,59.9,0
2,21,3,2195.79,97.35,3,563.17,3.43,51.27,0.0,4435.0,52.8,0
4,33,3,19514.99,41.83,3,263.09,3.87,29.17,25.9,1865.82,66.8,0
5,32,2,2937.6,30.09,5,250.59,0.7,55.19,19.12,1781.8,72.2,0
2,22,5,10633.23,59.42,4,453.18,2.46,30.36,42.5,1876.48,57.3,0
2,23,2,7054.1,13.89,6,348.02,4.4,54.56,20.59,1195.84,58.4,0
3,26,1,7982.92,36.76,4,285.02,2.13,99.45,0.0,1714.52,62.1,1
5,28,2,2983.46,116.79,1,168.47,3.22,63.92,12.77,944.4,69.1,0
1,22,1,1237.59,19.91,4,216.05,0.78,80.34,61.74,1206.09,60.6,0
3,30,0,4831.34,127.75,2,196.59,6.67,25.39,16.27,696.91,60.6,0
3,27,3,4847.29,69.82,2,145.02,2.4,41.3,11.83,793.15,61.0,1
3,26,3,2283.77,76.54,5,694.27,2.89,59.98,25.41,2604.74,60.5,0
1,23,4,10243.05,30.5,2,349.7,1.23,54.82,0.0,1787.19,51.7,0
3,23,1,4716.28,22.89,2,192.06,0.72,44.69,0.0,635.89,64.0,0
5,20,3,2572.78,40.18,1,268.73,4.04,71.36,0.0,1957.58,69.2,0
1,36,3,7848.34,153.47,4,197.9,11.2,156.4,0.0,606.74,44.3,1
1,29,0,8016.81,29.06,2,130.75,2.59,54.44,48.0,1006.35,59.9,0
6,29,1,2770.88,3.85,4,59.59,4.98,38.45,0.0,435.86,75.9,0
1,27,4,13183.4,54.77,0,282.05,6.13,40.27,0.0,1907.52,49.8,0
4,33,1,29572.35,111.65,3,220.25,8.39,45.14,5.56,1742.77,62.4,0
2,27,2,2054.89,59.9,6,404.29,7.21,64.22,28.17,1321.66,56.4,0
1,16,3,4243.08,160.39,3,154.93,9.19,46.11,31.7,961.8,48.2,0
4,22,1,6435.65,80.69,1,404.66,3.13,10.15,50.98,2932.34,70.3,0
2,23,3,30461.17,60.49,4,430.61,8.11,34.11,23.13,1564.43,55.3,0
2,26,2,2732.52,39.75,0,78.0,5.46,40.85,12.19,462.06,58.4,0
2,23,5,2317.7,73.57,2,373.64,5.11,22.09,0.0,1856.83,52.3,0
3,20,1,2305.07,10.97,4,339.19,3.65,75.93,22.94,1756.73,64.8,0
1,22,1,13057.77,153.66,1,207.6,2.45,136.92,0.0,1570.02,49.8,0
2,26,5,2789.83,91.18,3,400.64,8.12,88.97,20.74,2280.96,52.3,0
5,23,0,2489.64,90.81,5,364.69,3.38,113.05,9.29,1264.12,70.0,0
2,20,2,5912.2,48.47,2,234.03,4.94,98.66,31.29,1798.76,59.1,0
3,30,2,6289.12,125.3,1,75.35,7.03,32.49,34.58,295.85,61.0,0
2,18,3,11577.47,43.28,5,186.45,1.41,111.11,37.94,1391.53,59.4,0
4,23,1,5289.83,32.25,1,376.58,3.75,83.98,20.8,2957.92,68.8,0
1,22,4,5997.79,52.35,2,260.54,0.92,49.36,0.0,1925.2,51.0,0
5,27,4,4517.81,93.37,2,164.89,10.24,79.86,0.0,1052.92,64.2,0
2,23,2,1731.17,27.61,2,224.99,0.48,60.04,0.0,1511.41,58.4,0
1,19,2,4189.41,23.65,2,233.63,1.37,67.23,0.0,1518.44,53.8,0
1,18,2,5168.13,22.83,1,127.81,4.13,86.28,0.0,677.74,53.5,0
1,34,2,3445.9,34.25,2,161.62,7.7,55.65,26.69,706.62,54.2,0
2,39,5,1405.91,99.95,3,665.3,3.0,67.73,0.0,2943.94,51.4,0
2,29,4,1982.29,57.62,3,29.45,3.25,30.87,34.8,196.04,58.0,0
4,32,0,4762.34,17.07,0,223.44,0.81,76.12,0.0,1369.74,69.9,0
2,25,3,10365.13,212.77,5,376.57,2.2,21.41,38.24,2230.97,52.6,1
1,22,3,18879.41,14.6,7,221.22,3.76,85.02,0.0,1385.52,50.8,1
3,29,2,4242.62,34.47,3,151.12,7.42,18.25,23.55,1038.79,62.3,1
3,36,2,2769.72,22.0,1,178.03,1.15,86.69,40.48,1200.21,67.2,0
1,26,3,3648.21,28.27,3,572.47,18.27,69.08,0.0,2019.1,46.6,1
1,14,6,2127.85,52.82,1,317.42,5.46,54.72,0.0,1528.42,48.1,0
1,24,1,9229.83,42.19,3,306.48,2.4,217.92,0.0,1323.93,53.4,0
3,24,0,27175.99,25.39,3,206.93,6.53,78.51,39.02,1177.69,66.3,0
3,38,1,2824.18,63.7,1,252.39,5.32,113.19,11.35,834.67,62.3,0
2,25,1,1893.85,70.95,5,114.62,5.35,41.73,6.53,780.85,55.8,0
4,33,0,10994.9,80.47,4,591.28,5.89,68.63,0.0,2088.76,64.4,0
4,29,1,6338.78,53.47,0,329.4,11.51,42.77,0.0,1435.19,64.1,0
3,23,4,6424.94,68.79,3,222.4,4.82,61.12,0.0,1537.59,57.6,0
4,31,1,17510.21,79.07,1,242.0,5.57,72.71,0.0,788.39,64.9,1
1,27,6,1647.17,28.74,11,291.62,1.78,75.59,0.0,1837.52,46.8,1
1,23,1,1610.77,180.44,0,113.93,4.64,21.33,0.0,868.44,48.6,0
2,23,2,4318.35,149.91,4,183.91,4.27,43.69,43.41,1119.7,56.3,0
1,24,3,5170.49,92.39,3,116.41,9.34,61.03,0.0,764.04,47.5,1
2,23,0,3699.83,37.68,3,328.22,2.09,51.37,0.0,2284.83,58.7,0
5,20,6,35193.0,6.56,0,91.74,3.36,77.94,4.29,377.17,69.2,0
1,26,4,3834.55,8.65,1,121.54,5.14,27.23,38.01,717.67,55.7,0
1,22,1,3163.45,40.12,4,351.98,6.49,73.32,13.02,1599.84,53.0,0
2,25,2,5428.81,150.67,7,252.98,4.92,37.89,0.0,1074.51,50.7,0
5,37,7,10686.21,43.63,1,537.1,6.86,43.53,49.42,2128.13,69.5,0
2,25,2,2750.83,21.72,0,182.64,2.1,87.96,48.3,1082.55,63.6,0
2,25,2,4369.53,23.01,2,201.67,6.61,122.5,0.0,1406.21,56.5,0
1,21,5,10931.76,148.53,4,474.08,6.39,60.75,0.0,3498.46,43.6,1
1,18,4,11428.27,40.82,2,407.11,11.88,102.19,2.46,2093.74,48.0,0
6,27,1,5849.45,142.54,3,356.17,1.4,43.63,4.43,1732.57,72.3,0
5,26,4,34020.31,20.58,3,137.91,8.75,103.14,0.0,887.68,67.1,0
1,28,2,23969.1,24.1,1,145.3,4.61,59.61,0.0,1002.81,53.2,1
5,23,5,1595.76,33.55,3,211.8,1.87,32.09,33.9,903.66,71.4,0
3,16,2,1269.57,72.33,2,208.59,6.31,26.65,0.0,935.84,59.3,0
4,18,1,9288.86,85.4,4,139.54,5.84,143.92,6.15,790.79,64.2,0
2,30,0,14651.42,26.84,4,177.77,6.39,97.11,0.0,928.33,57.7,0
2,23,2,4105.95,29.85,2,215.35,13.35,41.33,19.07,1406.01,55.9,1
2,31,1,3288.69,12.25,1,394.69,4.73,101.73,0.0,2179.64,58.6,0
3,32,1,2549.79,11.8,3,455.52,0.41,27.66,0.0,1620.73,63.9,0
1,20,1,1930.61,22.18,2,321.7,1.55,40.81,22.42,1232.03,57.0,0
1,19,3,12198.57,133.36,5,82.11,4.73,36.44,0.0,616.58,46.9,1
2,25,6,3622.66,21.88,3,423.78,10.98,42.6,0.0,1753.18,51.1,0
3,20,2,6256.9,53.67,3,322.58,8.45,107.33,12.43,1048.53,60.2,0
1,13,0,1140.65,37.19,7,363.73,10.33,80.03,0.0,2421.47,50.2,0
3,26,1,10957.91,20.39,4,144.95,6.0,52.31,0.0,930.57,61.6,0
5,27,2,7865.35,77.68,2,484.03,6.76,88.57,0.0,2904.34,67.2,0
1,36,5,1676.14,30.65,4,197.37,2.85,12.64,23.02,1087.77,52.1,0
3,34,4,6046.43,95.76,3,138.38,8.1,54.51,26.15,1085.99,58.3,0
2,21,1,4933.45,97.82,3,338.38,8.02,108.46,32.51,1217.88,57.1,0
4,28,2,3428.49,31.75,6,213.49,14.21,38.5,0.0,1185.02,61.2,0
1,22,4,500.0,86.91,2,317.06,7.9,80.19,0.0,1845.34,47.4,1
3,26,3,2897.89,86.62,0,177.1,7.28,50.09,0.0,551.21,58.3,0
4,19,2,6260.06,39.21,3,108.6,3.85,72.33,25.93,549.54,68.1,0
5,29,2,3168.93,35.14,3,174.34,1.9,61.41,5.87,1205.42,71.1,0
3,20,2,4116.03,63.86,1,93.21,4.65,63.87,52.99,499.2,65.9,0
2,27,0,16275.32,171.53,3,323.18,12.04,29.28,30.43,2383.93,53.4,0
3,25,5,4619.28,110.93,0,35.44,11.48,57.2,0.0,220.57,54.3,1
4,22,3,918.33,52.69,2,409.04,4.76,52.13,0.0,2793.88,63.6,0
3,20,3,4239.16,6.54,4,98.4,7.29,16.71,41.68,690.99,64.1,0
1,20,2,5321.53,48.56,6,380.67,13.13,39.09,0.0,2454.35,47.4,1
5,24,5,2539.48,6.42,3,301.02,8.83,35.32,0.0,2030.98,66.4,0
3,24,2,8846.69,10.22,3,51.31,1.53,76.19,26.8,332.31,65.7,0
3,26,2,1525.71,24.93,0,247.27,2.11,77.79,0.0,1422.36,63.0,0
1,34,2,4401.97,53.75,7,89.34,7.09,34.41,11.48,521.11,50.5,0
3,25,0,1511.7,27.7,3,248.02,0.32,48.53,23.31,979.55,66.7,1
2,29,3,3879.45,118.46,4,146.78,4.56,21.4,9.12,1047.62,53.1,1
3,25,4,8660.29,48.85,5,52.12,9.36,34.32,0.0,237.68,56.5,0
1,34,1,4318.47,28.76,2,292.3,1.16,58.25,55.26,1659.9,60.1,0
3,26,4,4121.44,82.08,0,208.8,13.0,128.61,0.0,886.92,55.6,0
6,25,3,5025.18,25.98,1,221.44,4.48,93.46,16.71,1434.75,75.8,0
1,27,2,5230.25,54.76,1,59.49,4.76,97.56,0.0,468.5,52.1,0
6,25,5,8561.25,2.99,2,54.79,3.65,33.06,13.0,384.04,74.7,0
2,16,3,8602.88,25.59,2,184.89,0.05,41.08,0.0,1126.97,57.8,0
4,31,2,15326.78,113.23,3,374.6,2.97,41.7,19.62,2186.73,64.6,0
4,20,4,5620.04,69.65,2,326.5,2.74,81.06,61.08,1779.07,69.1,0
3,29,2,1301.69,59.46,3,287.06,1.11,44.68,71.87,1155.36,68.3,0
3,26,2,9763.04,77.93,3,441.12,1.08,79.41,0.0,2090.92,60.2,0
4,12,3,14470.39,113.89,6,151.85,6.95,55.51,0.0,764.08,59.7,0
2,31,5,35219.53,48.06,4,297.06,6.06,83.47,44.61,2294.15,56.6,0
2,31,2,15699.19,31.76,4,71.36,5.85,101.75,54.86,365.92,61.5,0
3,24,2,3320.14,86.3,1,688.29,1.47,42.46,0.0,4082.23,59.9,0
4,24,2,5708.7,42.0,0,135.11,14.77,71.43,23.82,1028.44,65.0,0
4,26,4,3958.02,31.18,4,283.96,4.9,23.74,36.95,1587.92,66.8,0
4,22,4,3550.27,37.84,2,531.15,2.32,43.9,0.0,2261.22,64.2,1
2,23,1,4488.22,69.37,7,173.43,2.39,66.32,0.0,850.69,55.6,0
4,26,1,13747.26,7.79,3,280.02,8.35,128.86,0.0,1365.87,65.9,0
1,22,1,1378.38,70.29,1,244.52,1.63,52.65,0.0,1607.37,53.2,0
2,24,0,2203.86,17.86,1,168.09,6.45,109.71,0.0,753.14,59.1,0
1,29,5,13037.62,27.57,4,146.08,1.12,94.46,25.12,971.64,53.0,1
2,22,0,15723.86,13.83,3,96.73,2.07,38.85,0.0,720.25,60.0,0
2,15,3,2899.82,80.2,4,21.6,3.58,59.98,0.0,101.12,54.1,1
2,33,4,18409.07,59.62,3,198.44,1.42,26.96,0.0,729.61,54.9,0
3,26,3,10729.0,17.92,2,137.5,0.94,194.44,13.74,851.51,63.6,0
2,23,1,3967.1,89.48,0,131.61,3.95,48.53,0.0,632.29,56.7,0
2,26,3,700.5,10.39,1,308.72,0.66,81.05,3.8,1750.44,58.7,0
1,17,2,1294.12,35.99,3,234.7,0.77,80.52,0.0,1448.3,53.2,0
2,38,2,2902.88,12.98,3,388.82,1.33,44.23,0.0,1959.17,58.2,0
1,26,1,9026.77,42.87,3,166.93,2.7,34.85,51.75,1272.61,58.4,1
1,26,2,9049.64,31.21,1,102.3,7.35,57.44,0.0,511.29,52.1,1
3,26,3,3384.09,16.13,6,311.54,3.11,99.98,2.96,1413.4,60.4,0
3,24,3,4084.61,49.35,2,320.82,8.45,41.66,30.33,2383.17,61.2,0
3,27,3,4788.7,19.19,2,259.11,6.83,109.04,0.0,953.92,60.2,0
2,27,1,4125.78,4.29,5,129.3,14.29,68.22,13.99,468.19,56.2,0
2,22,5,5602.16,9.98,4,223.43,3.58,30.82,16.08,1715.61,56.2,0
4,33,3,4798.06,35.49,4,99.12,9.11,25.08,54.25,400.92,68.1,0
